timestamp,open,high,low,close,volume_spot,log_return,regime_original,regime,y_target,open_interest,funding_rate,volume_derivatives,oi_growth_rate_24h,oi_trend_confirmation_score,oi_to_volume_ratio_24h,funding_rate_ma_8h,funding_rate_zscore_24h,funding_rate_zscore_abs,oi_weighted_funding_rate,funding_spot_divergence
2021-01-01 01:00:00,28999.37,29475.57,28961.27,29405.8,24.403112,0.0134720558028345,2,2,1,48610.91552177734,-5.545276125612923e-06,19.49311928065593,,0,,,,,,
2021-01-01 02:00:00,29434.69,29465.08,29122.75,29187.35,16.717015,-0.0074565375696611,2,2,0,54033.21939256648,0.0004132465629082,28.9203506067076,,0,,,,,,
2021-01-01 03:00:00,29213.39,29356.23,29149.88,29282.51,8.101748,0.003255013233117,1,1,0,47632.41231224687,0.0005908700394765,10.749680668825636,,0,,,,,,
2021-01-01 04:00:00,29280.63,29405.54,29071.86,29215.39,6.42811,-0.0022947842385683,0,0,0,49494.48082817279,6.677963616569601e-05,6.425044671204487,,0,,,,,,
2021-01-01 05:00:00,29231.31,29231.31,29089.72,29181.8,11.790111,-0.0011503979456719,1,1,0,48969.57749390023,0.0001198848653519,13.506807393777208,,0,,,,,,
2021-01-01 06:00:00,29202.77,29266.94,29093.51,29157.45,6.227519,-0.0008347725215518,0,0,0,50204.99676754479,9.314830254645171e-06,7.052980542896322,,0,,,,,,
2021-01-01 07:00:00,29171.44,29190.71,28837.46,29087.77,14.485248,-0.0023926438338364,1,1,0,49294.53009913822,-0.0001050443508003,24.03002735663645,,-2,,,,,,
2021-01-01 08:00:00,29093.66,29184.92,28876.43,29003.72,6.948582,-0.002893713301205,0,0,0,48698.05958265267,0.0003131805584749,9.051041280652496,,1,,0.00017533585821324105,,,,
2021-01-01 09:00:00,28978.42,29313.06,28978.42,29200.54,22.024613,0.0067631046320268,1,1,0,48228.4507359732,-0.000125622039724,32.7101243876869,,-2,,0.00016032626276344265,,,,
2021-01-01 10:00:00,29200.31,29346.18,29166.56,29217.92,24.946676,0.0005950174144544,0,0,0,47218.92450271567,-0.0003074522487414,23.76338838542809,,0,,7.023891130724265e-05,,,,
2021-01-01 11:00:00,29227.83,29413.02,29216.73,29313.23,22.975535,0.0032567302791903,1,1,0,48930.54720221151,8.902591540008036e-05,26.845610846176147,,0,,7.508395797690194e-06,,,,
2021-01-01 12:00:00,29314.3,29611.51,29167.3,29232.47,31.337072,-0.0027588721707836,0,0,1,47147.39703702533,0.0004807765428042,24.405891615778845,,0,,5.925800912750319e-05,,,,
2021-01-01 13:00:00,29246.3,29475.68,29246.3,29455.79,5.796969,0.007610417410957,1,1,1,52766.6365069412,-0.0002668253384718,9.747982726914278,,0,,1.0919233649540689e-05,,,,
2021-01-01 14:00:00,29463.08,29537.01,29285.23,29326.46,8.879587,-0.0044003150162588,0,0,1,53190.33643578104,7.836508218885879e-05,9.107181566381986,,2,,1.955051514131739e-05,,,,
2021-01-01 15:00:00,29320.56,29399.71,29033.26,29187.14,8.822662,-0.0047619788655417,1,1,1,47970.65828138823,-0.0002272506970079,15.426193614072252,,1,,4.274721865367391e-06,,,,
2021-01-01 16:00:00,29190.24,29355.67,29125.43,29300.85,3.242295,0.0038883245351986,0,0,1,49486.24631196677,3.954974761288134e-05,5.05544570503415,,0,,-2.9929129492384935e-05,,,,
2021-01-01 17:00:00,29260.83,29339.58,28947.15,29086.21,13.406324,-0.0073523471433158,1,1,1,49013.64979927833,-1.1860947512601675e-06,22.47621209920988,,0,,-1.4374636370792462e-05,,,,
2021-01-01 18:00:00,29077.03,29259.37,28649.46,29067.46,29.063315,-0.0006448432454817,0,0,1,51912.00547440847,0.0002468933030741,24.29155631163784,,0,,5.491855760614503e-05,,,,
2021-01-01 19:00:00,29069.59,29125.73,28949.17,29033.89,3.184911,-0.0011555670818523,1,1,1,48725.326335900696,0.0002618870404431,3.437299577494505,,1,,7.652619823652249e-05,,,,
2021-01-01 20:00:00,29033.4,29271.14,28885.39,29231.91,9.529421,0.0067971524426866,0,0,1,45272.88531924388,0.0004207068908366,7.221832210810128,,1,,6.901749174057249e-05,,,,
2021-01-01 21:00:00,29214.05,29293.06,29152.37,29204.26,2.027505,-0.0009463317689544,1,1,1,51986.250950556925,0.0001679926752267,2.413662642081468,,0,,0.000123369743452885,,,,
2021-01-01 22:00:00,29156.67,29323.66,29125.04,29262.08,2.737582,0.0019778908291367,0,0,1,48832.88477549785,0.0002979384005655,2.658474992986893,,1,,0.00015081640824996515,,,,
2021-01-01 23:00:00,29268.43,29330.12,29229.17,29305.29,1.612093,0.0014755659282652,1,1,1,49330.16871151922,-0.0001545506009154,1.7798181030697873,,0,,0.00015990392026152766,,,,
2021-01-02 00:00:00,29321.41,29331.57,28955.02,29196.37,10.199724,-0.00372365932364,0,0,1,50725.46508848352,0.0002679157334925,15.84932054420755,,-1,146.4280486557658,0.00018844966849647997,0.6465415013351056,0.6465415013351056,,
2021-01-02 01:00:00,29196.75,29400.0,29111.15,29379.43,18.470133,0.0062503831265168,1,1,1,50105.44247511564,0.000157725144956,24.61190792120481,0.030744678171485296,2,142.5321469742825,0.0002083135734598875,0.16438255085865003,0.16438255085865003,6.404533774776302e-06,
2021-01-02 02:00:00,29326.45,29473.25,29325.73,29335.88,11.937267,-0.0014834293810661,0,0,1,48206.691976338894,0.0004873351589874,9.026440782740949,-0.10783232022316191,2,145.3567763639851,0.00023836880544905,1.4914697349910988,1.4914697349910988,-2.570386136039454e-05,
2021-01-02 03:00:00,29325.62,29380.23,29266.3,29359.09,2.056828,0.00079086849213,1,1,1,48673.964721843855,0.0005423822956662,2.0615204283024933,0.02186646359141431,-1,150.71402925840817,0.0002734307123519375,1.7514898367105045,1.7514898367105045,5.97896271641812e-06,
2021-01-02 04:00:00,29355.43,29394.19,29221.21,29360.1,6.79396,3.440101949969687e-05,0,0,1,49259.80025697497,0.0004432718438243,10.882008885184211,-0.00474155031573209,2,150.4516952317526,0.0002762513314754,1.2329243045358027,1.2329243045358027,-1.3098595879785932e-06,
2021-01-02 05:00:00,29357.5,29600.0,29356.61,29596.45,8.849499,0.0080178119700473,1,1,1,50906.27007824423,-0.0005229580470291,10.32979236755481,0.03954889307724252,2,157.0038948203598,0.00018988249119342501,-2.222170281505934,2.222170281505934,7.509642341449211e-06,
2021-01-02 06:00:00,29592.3,29744.25,29459.22,29716.82,18.661684,0.0040587937655764,0,0,1,49383.05653267956,-0.0002627662481934,22.215480701534904,-0.016371681860092746,0,145.50181569163442,0.00011979441009856248,-1.2254410395183515,1.2254410395183515,-1.9612359707511465e-06,
2021-01-02 07:00:00,29714.57,29822.36,29630.1,29757.51,17.050995,0.0013683216388873,1,1,1,47818.2908103296,4.1372202504308105e-05,16.188690779883604,-0.02994732449705262,-1,144.22349199968954,0.000144284760526026,-0.2115406019774739,0.2115406019774739,-4.320942543452429e-06,
2021-01-02 08:00:00,29751.49,29850.0,29632.66,29836.98,8.197249,0.0026670266699504,0,0,1,50086.96320679134,5.949328714214191e-05,12.912676141662724,0.028520717992497335,2,149.32677003568483,0.00011823195473223123,-0.1141014972865928,0.1141014972865928,3.3720602386196777e-06,
2021-01-02 09:00:00,29857.79,29922.68,29582.21,29613.04,28.617503,-0.0075337589184663,1,1,1,50018.74027721233,0.0003112826697914,33.34880778377982,0.03712102532673245,2,148.8399616596604,0.00013742664533665625,0.7009029369842162,0.7009029369842162,5.101417982109894e-06,
2021-01-02 10:00:00,29610.98,29820.47,29470.45,29671.85,8.787868,0.001983980042489,0,0,1,49382.78611935223,-0.0006012115872656,8.243512285070283,0.04582615210797769,0,154.0625160959898,1.3583020550312247e-06,-2.2530718178732623,2.2530718178732623,6.224575658243959e-08,
2021-01-02 11:00:00,29683.16,29776.11,29620.56,29758.05,7.628546,0.0029008987209895,1,1,1,54336.063868841055,-0.0002034170969938,13.298131546632504,0.11047325189907609,2,176.99629288338716,-9.186662202746878e-05,-0.9145559122182877,0.9145559122182877,-1.014880447635777e-05,
2021-01-02 12:00:00,29752.72,30906.35,29741.6,30608.48,57.942731,0.0281774111249895,2,2,1,50143.77000798426,-5.39359376437081e-05,69.92868949469046,0.0635533064233822,2,142.24672942239587,-0.0001540175947109698,-0.3844146854855795,0.3844146854855795,-9.788327391258552e-06,
2021-01-02 13:00:00,30592.11,31524.83,30526.47,31524.83,47.939911,0.0294983945413154,2,2,1,51670.39847176008,-4.728146904429583e-05,59.57407999097664,-0.020775211530431936,2,128.42511492754565,-9.455802246286925e-05,-0.40189180016745785,0.40189180016745785,1.964462918565443e-06,
2021-01-02 14:00:00,31564.57,31564.57,31075.86,31304.98,25.303956,-0.0069982989693535,2,2,1,48266.02498757143,0.0001468048350088,43.72517660435279,-0.09257906187818432,0,110.4595066434069,-4.336163706259425e-05,0.23731307870376075,0.23731307870376075,4.014379680757283e-06,
2021-01-02 15:00:00,31289.26,31817.62,31252.72,31692.33,22.829298,0.0122975054497462,2,2,1,52680.17907712241,0.0007029538810944,35.38578029699579,0.09817502957972524,2,115.29502663636073,3.933607276116723e-05,1.8498194036813078,1.8498194036813078,3.861820106877817e-06,
2021-01-02 16:00:00,31697.77,33000.0,31697.77,32475.29,82.764955,0.0244047966916678,2,2,1,48396.31156056779,-0.0001570523223785,115.56201166870356,-0.022025003564180468,0,85.29143415170337,1.2267871571086993e-05,-0.8163352928476602,0.8163352928476602,-2.701999150780993e-07,
2021-01-02 17:00:00,32497.99,32941.21,32396.54,32845.84,26.466864,0.0113456082234044,2,2,1,51012.51490389116,0.0004694417524445,30.58049354523332,0.040781804921661946,0,88.63615473321309,3.2037756902724496e-05,1.0408844905870631,1.0408844905870631,1.3065575521345388e-06,
2021-01-02 18:00:00,32859.78,33271.38,32449.01,32783.53,30.03024,-0.0018988455541215,2,2,1,53296.91429836207,0.0004584388474023,22.856916942229606,0.026678006586286385,0,92.83680219227261,0.000164494061236212,0.962923474512857,0.962923474512857,4.38837364906466e-06,
2021-01-02 19:00:00,32989.65,33218.1,32741.82,33034.17,29.829484,0.0076162251664619,2,2,1,51572.14701907308,0.0005986759029294,28.28430510495729,0.05842589259530229,-1,86.10576574751984,0.000264755686226612,1.290955599919322,1.290955599919322,1.5468587287471585e-05,
2021-01-02 20:00:00,33037.31,33048.33,30691.0,30804.48,90.126454,-0.0698823463511537,2,2,1,50373.76184207073,-0.0002043691111923,153.5573035608949,0.1126695700275735,-2,67.59083778676316,0.000245951539533038,-0.9328375948080933,0.9328375948080933,2.7711254206807134e-05,
2021-01-02 21:00:00,30747.14,31906.64,30399.98,31712.07,60.86894,0.029037231563942,2,2,1,49825.45318731394,-0.0001511807705787,57.560184774882,-0.041564793069961414,0,62.24901706871624,0.0002329641268412375,-0.7343544446296802,0.7343544446296802,-9.68310572488028e-06,
2021-01-02 22:00:00,31708.76,32316.48,31448.84,32161.33,16.089367,0.0140674336655965,2,2,1,51569.908873181856,0.0004028469019724,14.8467620474424,0.05604878987319872,0,63.46207994594634,0.0002649693852116875,0.807528411888115,0.807528411888115,1.4851213394560524e-05,
2021-01-02 23:00:00,32145.01,32248.21,31673.15,32162.01,30.038882,2.1143180687133167e-05,2,2,1,49636.48579577486,-0.0001209544329663,27.120810109647383,0.006209528413473997,1,59.235560775814946,0.0001619808459541,-0.6616682801613939,0.6616682801613939,1.0058246653905385e-06,
2021-01-03 00:00:00,32174.75,32488.77,31942.96,32438.96,22.846414,0.0085742271893938,2,2,1,50171.71282226457,-0.0005263754771659,23.32855121717453,-0.010916652321531384,0,59.34460658633767,0.00011581545160567498,-1.6083911257414674,1.6083911257414674,-1.2643170186402974e-06,-2.7721731371414027
2021-01-03 01:00:00,32418.52,32783.14,32239.05,32568.75,18.613081,0.0039930701282724,2,2,1,49104.421804797246,0.0005526135588705,17.842774645549614,-0.019978282215859844,1,58.550984915243795,0.00012621192740892498,1.1637945941020933,1.1637945941020933,-2.5214975047831194e-06,0.1397158710396238
2021-01-03 02:00:00,32577.79,32872.85,32563.85,32738.16,5.161197,0.0051881303217768,2,2,1,50743.09964744636,0.0001770104826718,6.214442892006728,0.052615260809690145,0,60.7084598853008,9.103338181761247e-05,0.23937161571185203,0.23937161571185203,4.789745126721785e-06,-0.853220429437961
2021-01-03 03:00:00,32745.64,32754.2,32454.53,32573.93,13.957602,-0.005029094801257,2,2,1,51087.3025623128,1.906075812438995e-05,17.294798891564916,0.04958169843489002,0,60.02628609323792,1.858148871698622e-05,-0.12121765941288987,0.12121765941288987,9.213017700369222e-07,-0.9989794028109868
2021-01-03 04:00:00,32571.58,33251.32,32455.0,33182.65,12.12007,0.0185148737671543,2,2,1,50778.18176796491,5.731079277550393e-05,13.746125632938632,0.030823947784379024,-1,59.462968369159135,5.129147671296171e-05,0.026556283836841364,0.026556283836841364,1.5810057999840244e-06,-1.2175988231295412
2021-01-03 05:00:00,33178.35,34187.48,33123.73,33739.29,75.149092,0.0166358846612659,2,2,1,46577.02628094521,0.0004887519548893,66.622936387206,-0.08504342963341971,0,51.170081275626345,0.0001312830673964617,1.1406230304365013,1.1406230304365013,-1.1164762304190488e-05,-0.2115986473577005
2021-01-03 06:00:00,33790.49,34113.37,33648.44,33986.62,21.484352,0.0073038841270491,2,2,1,50543.02630369295,6.210846212835382e-07,23.273072489562036,0.02348922590981717,0,55.46273538890388,8.100484022757214e-05,-0.2929689274960369,0.2929689274960369,1.9027409918940877e-06,-1.6189643086439398
2021-01-03 07:00:00,33969.17,34776.59,33760.28,34473.09,55.050251,0.0142121019276597,2,2,1,48002.85746251199,7.731718103660826e-05,77.39531666747799,0.00385975008840167,0,49.36007893984911,0.00010578879197793568,-0.07325126743478153,0.07325126743478153,4.083182991887431e-07,-1.6007852978948194
2021-01-03 08:00:00,34492.17,34688.04,33738.52,34388.41,41.130829,-0.0024594306741594,2,2,1,49784.70989104084,0.0002206942649348,54.73123417872384,-0.0060345706027854495,0,49.08175032581496,0.00019917250974052318,0.32567913530218845,0.32567913530218845,-1.20192057216316e-06,-0.9615871155397195
2021-01-03 09:00:00,34374.07,34582.96,33832.31,34192.93,30.167449,-0.0057006914531054,2,2,1,48898.82602884273,6.044648951563769e-05,52.38332099969574,-0.022389893111318893,0,47.320373028783095,0.0001376516260711654,-0.11229029152818497,0.11229029152818497,-3.08200519433263e-06,-1.378463495938889
2021-01-03 10:00:00,34194.64,34352.63,33415.0,33875.66,37.836499,-0.0093221351468724,2,2,1,48084.61295163415,-3.131359167251722e-05,66.25959664856929,-0.02628796934584765,0,44.05883327108406,0.00011161111677812574,-0.49995619419335563,0.49995619419335563,-2.934029616519192e-06,-1.4041065062355884
2021-01-03 11:00:00,33865.56,34439.12,33784.11,34426.08,18.019022,0.0161176542667309,2,2,1,48624.10268504539,-0.0002032981364193,16.85019220445269,-0.10512283697220803,0,44.408619903177346,8.38162549601645e-05,-1.0594485398291733,1.0594485398291733,-8.811002505798396e-06,-2.3661368219355357
2021-01-03 12:00:00,34404.55,34584.95,33946.25,34090.07,27.812061,-0.0098082771358374,2,2,1,48373.25270382073,-0.0002006623623766,19.91253862771802,-0.03530881909919448,-1,46.29423747184865,5.156961056615152e-05,-1.0142388309946908,1.0142388309946908,-1.820862050496152e-06,-0.9159199526067765
2021-01-03 13:00:00,34130.34,34398.31,33777.12,33856.73,15.882114,-0.00686834162315,2,2,1,48974.66549162906,0.0001844065472497,24.31120354418763,-0.052171708751275636,0,48.50677641773709,1.3526434611201525e-05,0.1881747143217417,0.1881747143217417,-7.056972069787802e-07,1.6446979577239231
2021-01-03 14:00:00,33883.48,34141.19,33481.6,33822.12,21.403985,-0.0010227716049264,2,2,1,52327.36602214785,0.0001391062585816,32.29125155051585,0.0841449246260122,0,52.421098898043326,3.083708135624108e-05,0.04344889592683738,0.04344889592683738,2.594783886407112e-06,1.3362931253898653
2021-01-03 15:00:00,33825.29,33866.84,32780.0,33496.9,51.192016,-0.0096621290719696,2,2,1,50216.44914897176,0.0005954315090935,44.02157194252322,-0.046767683240860114,0,49.87491984866672,9.560137236335255e-05,1.5666455522763043,1.5666455522763043,-4.471054700080791e-06,3.507459778656134
2021-01-03 16:00:00,33510.84,33833.88,32650.0,32690.0,45.887895,-0.0243836764996281,2,2,1,49301.670174694096,-9.402952112525793e-05,32.4865809422211,0.01870718211641509,0,53.36993861585785,5.6260899105845304e-05,-0.7247201336141766,0.7247201336141766,1.052482885606303e-06,2.058847515461957
2021-01-03 17:00:00,32688.55,33252.95,32475.37,32879.62,44.611311,0.0057837922074597,2,2,1,47980.86177045691,0.0002166453279311,44.9630461618437,-0.05942959564228423,0,51.14386220547325,7.578575390777809e-05,0.3539999499353368,0.3539999499353368,-4.503916710184914e-06,2.760892060893421
2021-01-03 18:00:00,32999.98,33030.74,32300.0,32765.85,30.709255,-0.0034661984721182,2,2,1,49544.086713886456,0.0004899073530988,52.55937567936928,-0.07041359962167537,-2,51.18945414010535,0.00014093837200419276,1.2774342501431324,1.2774342501431324,-9.923978097633971e-06,3.3667972145280767
2021-01-03 19:00:00,32766.12,32910.11,32454.49,32787.51,15.559307,0.0006608357157666,2,2,1,47503.80197197267,3.763063616942251e-05,15.274274752075538,-0.07888647811377336,1,49.750157576193445,0.0001710544685777831,-0.1943347996777178,0.1943347996777178,-1.349388459172442e-05,1.7489948381492906
2021-01-03 20:00:00,32782.82,33823.72,32729.86,33718.59,30.777154,0.0280016671255385,2,2,1,49489.58287718772,-5.989962611011177e-05,38.179241531127815,-0.01755237116606545,0,58.953422723321005,0.0001886498106110941,-0.5813292975266643,0.5813292975266643,-3.3112514962538763e-06,-0.5377351039851743
2021-01-03 21:00:00,33708.08,33861.94,33517.46,33582.02,13.757654,-0.0040585126185224,2,2,1,48498.94813058151,0.0001254814112371,19.77744437529612,-0.026623040471815962,-1,60.49615442102453,0.00018128416860951912,0.06333734208732547,0.06333734208732547,-4.8263357577907365e-06,0.7624883665992734
2021-01-03 22:00:00,33550.62,33648.41,32995.55,33135.05,21.249199,-0.0133991701767701,2,2,1,54605.57393471403,7.091729371187723e-05,37.54243137046826,0.05886504606780152,2,66.23818217254149,0.00017276054800080374,-0.09300205712316058,0.09300205712316058,1.0169557616765949e-05,1.060612312176892
2021-01-03 23:00:00,33112.55,33590.38,32658.17,33031.74,31.573278,-0.0031227171199041,2,2,1,49816.07386784182,0.0004273794449994,43.93577586773122,0.0036180658075968264,0,59.22045370248923,0.00015175403998904125,1.1826888807063543,1.1826888807063543,5.490561032490316e-07,2.3081948962491956
2021-01-04 00:00:00,33034.55,33105.53,32415.06,32853.0,46.685192,-0.0054258524358363,2,2,1,49017.538318997926,0.0001272289345399,51.6015524719426,-0.023004486758412157,-1,56.37633576285117,0.000179411346947186,-0.07944325715702406,0.07944325715702406,-4.127265955155429e-06,1.1840994158500828
2021-01-04 01:00:00,32848.72,33324.16,32601.64,33148.31,17.300686,0.0089486699784373,2,2,1,50217.35679621346,1.6036421870692724e-05,27.708847187145675,0.02266465932213646,2,57.10825772707194,0.00015433523368963507,-0.5155098333293703,0.5155098333293703,3.4979554929778967e-06,0.5693967685100606
2021-01-04 02:00:00,33190.04,33583.91,32967.7,33435.97,16.379182,0.0086405316598252,2,2,1,46460.10285702893,-0.000363407637283,28.659897958579155,-0.08440550183522288,1,51.52034751121191,4.767085989191008e-05,-2.025979057947565,2.025979057947565,-4.0236828520932695e-06,-1.079683851858159
2021-01-04 03:00:00,33450.24,33517.64,33161.91,33510.61,17.344335,0.0022298385048795,2,2,1,47827.63567327372,0.0001959855142967,24.48901427593608,-0.06380581329505819,0,52.617059097947575,6.746521965781977e-05,0.38681500386794226,0.38681500386794226,-4.304673209396938e-06,1.1477295778493415
2021-01-04 04:00:00,33501.35,33593.47,33187.53,33251.66,12.917801,-0.007757414437183,2,2,1,51864.832179638506,0.0003510444598513,14.073979958820749,0.021399947257645602,-1,57.03796466092818,0.00011883323040299623,0.989156499125709,0.989156499125709,2.5430248630797673e-06,2.0930126073418327
2021-01-04 05:00:00,33280.92,33318.75,32808.2,32808.2,29.76402,-0.0134262065223857,2,2,1,53306.80061704268,0.0003921771971132,30.641283889167667,0.14448699012050592,0,61.03911026343975,0.00015217020363750874,1.2126439627695706,1.2126439627695706,2.1986614709608098e-05,2.6611227549418963
2021-01-04 06:00:00,32834.48,33392.99,32802.17,33117.91,20.908945,0.0093957395158863,2,2,1,48461.78481132453,-0.0004213772471431,24.026402511276373,-0.041177619239953445,-1,55.443484830888025,9.063338603063659e-05,-2.0591492903331963,2.0591492903331963,-3.732067060397269e-06,-0.7565119675927596
2021-01-04 07:00:00,33116.25,33151.23,31489.31,32059.03,77.617662,-0.0324953327079313,2,2,1,47274.28700671026,2.86016993124565e-05,124.54479931805996,-0.015177647630054136,0,51.316773097114016,4.0786167819768646e-05,-0.2669665930128851,0.2669665930128851,-6.190380833487019e-07,1.5680159014539818
2021-01-04 08:00:00,32092.25,32554.54,31463.63,32039.73,35.9047,-0.0006021957549009,2,2,1,51858.999030508894,4.251840002199784e-05,43.994692530167136,0.04166518483301118,-2,56.957347065489266,3.0197351005030877e-05,-0.18337077486796113,0.18337077486796113,1.2581782110919276e-06,1.4819773344760814
2021-01-04 09:00:00,31985.22,32152.23,30326.68,31007.37,84.334704,-0.0327517770338658,2,2,1,52158.90442156433,0.000305912171152,75.38406194301788,0.06666987037272976,-2,55.87521783667854,6.64318196651943e-05,0.8113758234113398,0.8113758234113398,4.429000805703063e-06,2.7035245817724265
2021-01-04 10:00:00,31044.96,31241.42,27500.0,30225.7,135.263385,-0.0255323622957543,2,2,1,48234.4551829922,9.518659788769003e-05,159.74028262893057,0.0031162199747507557,0,46.96774710385833,0.00012375609906153056,-0.03522025593170077,0.03522025593170077,3.8565122789277476e-07,1.9013722829243467
2021-01-04 11:00:00,30154.28,30873.35,29425.9,30757.78,85.094803,0.0174504145127087,2,2,1,48706.022869992186,0.0001975466337804,60.04759400193238,0.0016847649709326173,0,45.51253801487194,0.00012395123899699306,0.312336034250243,0.312336034250243,2.088287055658309e-07,2.1352773703199626
2021-01-04 12:00:00,30777.44,31417.88,30469.48,31218.3,58.777939,0.0148614909490749,2,2,1,49082.85785622695,6.093480249898793e-06,48.11836499016689,0.014669370214795752,-2,44.68687698537157,8.083236654681788e-05,-0.5196458453854684,0.5196458453854684,1.1857599102133428e-06,0.8481765188319872
2021-01-04 13:00:00,31216.45,31395.8,30604.34,31395.8,31.703011,0.0056696646755067,2,2,1,48860.20501680239,0.0003199314539588,34.42090629424859,-0.002337136429165221,0,44.07845621496759,7.180164865251789e-05,0.7691610156516527,0.7691610156516527,-1.6781024873992144e-07,1.8523871692255809
2021-01-04 14:00:00,31392.7,32156.41,31392.7,32099.94,42.294108,0.022180034969315,2,2,1,51821.02354994408,0.0003717410539904,65.5223796492504,-0.009676437220047629,0,45.388803611437574,0.00017094143629420538,0.9258703466277586,0.9258703466277586,-1.6541040766056497e-06,1.5726898761373556
2021-01-04 15:00:00,32100.56,32183.48,31552.29,31718.23,33.982498,-0.0119625665222393,2,2,1,48195.36938944549,-8.763793359982447e-05,38.97362084143165,-0.04024736503233328,-1,42.40064865283318,0.00015641148218017027,-0.8879016889263023,0.8879016889263023,-6.295150018553605e-06,-0.26566252156976833
2021-01-04 16:00:00,31732.95,31905.65,30740.74,31308.81,48.021006,-0.0129920668635854,2,2,1,48744.90483994203,-8.543114809294283e-05,80.88921537940894,-0.011293031915130758,0,41.13256358901793,0.0001404177886658027,-0.8811427327635932,0.8811427327635932,-1.5857425688549959e-06,-0.49637923000056805
2021-01-04 17:00:00,31317.89,31523.69,30620.83,31017.53,42.046057,-0.0093469990591614,2,2,1,50894.22754330522,-0.0002235024407706,36.79878613395688,0.060719329860851934,0,43.24415397520954,7.424096217547769e-05,-1.349739977917201,1.349739977917201,4.5078614715198616e-06,-0.7457137192556764
2021-01-04 18:00:00,31023.96,31446.93,31005.51,31175.16,31.950843,0.0050690953401328,2,2,1,50896.0363963863,0.0001309750972854,33.856333644250434,0.027287811163161813,0,43.944037634626916,7.871452460019143e-05,0.21284443292256544,0.21284443292256544,2.1479470830880787e-06,0.6309403683087801
2021-01-04 19:00:00,31178.18,31864.34,31104.82,31669.62,21.823268,0.0157362378710956,2,2,1,51156.64985455647,0.0001356285724307,35.269900977178345,0.0768959058211589,2,43.419443536179486,7.097476693147894e-05,0.21537234916411668,0.21537234916411668,5.457668993641708e-06,0.34668405058949825
2021-01-04 20:00:00,31681.51,31813.79,31202.0,31254.18,28.387858,-0.0132047345042476,2,2,1,50313.804872046494,8.426119862825645e-05,46.655269406466346,0.016654454269783292,1,42.39905328380097,8.074573172877364e-05,-0.04158983905847596,0.04158983905847596,1.3447760965570505e-06,0.7696491071313029
2021-01-04 21:00:00,31240.55,31580.69,30877.21,31008.59,26.453519,-0.0078888643622203,2,2,1,46445.71873178967,-0.0002929080427038,38.099175460295086,-0.04233554495375047,1,38.54433865398193,4.140794645948643e-06,-1.5708997753294036,1.5708997753294036,-1.7530279787780806e-07,-0.7423055157300685
2021-01-04 22:00:00,31012.33,31481.48,30958.9,31348.91,10.189678,0.0109152348593308,2,2,1,51856.92850106483,0.000149620616289,17.732831093273866,-0.05033635278580639,0,43.754291425513834,-2.362426006672636e-05,0.2987365890495405,0.2987365890495405,1.1891590890223762e-06,0.5541193547411978
2021-01-04 23:00:00,31362.63,32030.84,31157.3,32005.27,32.134694,0.0207210790057779,2,2,1,49937.64516764262,0.0001751639015687,41.18715872407781,0.002440403073982189,0,42.232839944450234,9.2259693293392e-06,0.4737456132882029,0.4737456132882029,2.2515083911784778e-08,0.10748470478235078
2021-01-05 00:00:00,31996.54,32842.92,31996.54,32361.4,47.206787,0.0110657778022442,2,2,1,48316.64925389872,0.0007454917214295,48.688726279548,-0.014298740596435766,0,40.96285341215344,0.00011309132801964456,2.46965547650572,2.46965547650572,-1.6170635630593254e-06,1.6373290535008111
2021-01-05 01:00:00,32424.76,32783.76,32256.02,32776.49,27.391264,0.012745135553736,2,2,1,52176.00855605043,0.0003098205031316,41.558610712136506,0.039003481760008896,2,43.72144831328635,0.00017975669600741955,0.7615732176170744,0.7615732176170744,7.011137013964853e-06,-0.24587117059967212
2021-01-05 02:00:00,32784.22,32821.4,32233.76,32297.76,12.077257,-0.0147136121176103,2,2,1,46947.78349276111,-0.0001503382780201,17.301835399018916,0.010496761861094495,-1,39.71842532855177,0.00014459252409423207,-1.0496121990351495,1.0496121990351495,1.517753292311722e-06,-1.5329116658879336
2021-01-05 03:00:00,32302.42,32537.92,31164.48,31196.21,36.971765,-0.0347012649007432,2,2,1,50768.67069504886,-0.0001661475554957,50.06024902308,0.06149237737500379,2,42.04143748172813,0.00010687050810343205,-1.0292004171405316,1.0292004171405316,6.571721614554645e-06,-0.5225817942518548
2021-01-05 04:00:00,31201.16,31540.23,30469.16,30860.31,54.194581,-0.0108257208271247,2,2,1,49363.646318251,1.915636622015897e-05,78.96888484483644,-0.048225083477074104,0,38.79321744885333,9.873240405241988e-05,-0.26615660554837733,0.26615660554837733,-4.761378427320158e-06,0.2775192716171882
2021-01-05 05:00:00,30892.88,31353.67,30013.5,30416.25,65.78593,-0.0144938871802029,2,2,1,47724.9763373523,0.0005458932989534,55.75342605245584,-0.10471129790343892,0,36.779604744518714,0.00020358257175956987,1.7160006174853222,1.7160006174853222,-2.131739531946455e-05,2.23785400944941
2021-01-05 06:00:00,30481.36,31254.02,29937.69,31111.87,78.116746,0.022612413322145,2,2,1,49832.09670699186,-4.921589513143925e-05,129.02414793049877,0.028276133473051912,-2,35.528595085168824,0.00017872800783201497,-0.6515963873632947,0.6515963873632947,5.053737004830723e-06,-0.6580711096427366
2021-01-05 07:00:00,31133.04,31319.31,30751.05,30826.27,24.310543,-0.0092221698665628,2,2,1,48510.06913430548,-4.004907401991194e-05,30.284080594416555,0.026140682511400115,1,37.077839165148056,0.0001518263858834385,-0.5985361050382824,0.5985361050382824,3.968845350232286e-06,-1.4230226556515442
2021-01-05 08:00:00,30810.68,31533.06,30809.85,31202.67,14.454816,0.0121364195509077,2,2,1,47749.3078695887,0.000118954040857,13.941864027633912,-0.0792474061927505,0,37.35440870499827,7.350917581187597e-05,0.04087952527223505,0.04087952527223505,-5.825411514458045e-06,-1.1612391404439848
2021-01-05 09:00:00,31182.53,31815.01,31173.24,31568.45,16.962859,0.0116545360433555,2,2,1,51112.104457726375,0.0002029852023586,24.34226544251637,-0.020069439253888377,0,41.64814935806349,6.0154763215250975e-05,0.4083964999821071,0.4083964999821071,-1.2072723661805186e-06,-2.016064289855228
2021-01-05 10:00:00,31572.76,31686.84,31100.0,31344.0,15.494159,-0.0071353429181879,2,2,1,51870.5316144919,-0.0001898064481708,24.237561049416584,0.07538338346945417,0,47.512095617263995,5.522124194641347e-05,-1.1395882277164748,1.1395882277164748,4.162764057305995e-06,-3.7381672364145118
2021-01-05 11:00:00,31355.43,31779.37,31283.17,31779.37,12.510662,0.0137944759213457,2,2,1,50633.352849210365,0.0002176251795944,22.339185328126128,0.039570670435618904,0,48.038104838397444,0.00010319283383267597,0.4989173272524317,0.4989173272524317,4.083409618910405e-06,-1.7091739991188801
2021-01-05 12:00:00,31780.96,32063.99,31565.0,31594.29,22.077868,-0.0058409290607208,2,2,1,45844.44503734887,0.0001999694968603,25.789061760953583,-0.06597848944256679,-1,44.43602409980404,0.0001257944751626936,0.39504465840447694,0.39504465840447694,-8.29972945145501e-06,-1.0492857459832088
2021-01-05 13:00:00,31586.48,31894.91,31463.63,31469.6,14.426011,-0.0039544075852262,2,2,1,50690.75081485629,0.0005863814202657,18.78130187779233,0.03746496351016937,0,49.88972775034041,0.0001308554903267311,1.7920502541977705,1.7920502541977705,4.902496170196302e-06,0.7253172405142818
2021-01-05 14:00:00,31468.36,32364.71,31118.96,32335.51,35.702361,0.0271440066794568,2,2,1,49785.28908795215,-0.0002102535957111,28.466763326817937,-0.03928394930350865,2,50.85319316102594,0.00011072577775427351,-1.122946464909725,1.122946464909725,-4.349745839890446e-06,-2.2382830393598123
2021-01-05 15:00:00,32335.51,32367.6,31934.44,32102.92,20.856696,-0.0072190154261146,2,2,1,52614.05473714432,-0.0003060018624914,20.149276863991656,0.09168277790327495,0,54.796266096852634,7.74816791953375e-05,-1.3968871642312077,1.3968871642312077,7.103735585238928e-06,-2.545763581262076
2021-01-05 16:00:00,32090.65,32683.21,31790.91,32456.88,32.81478,0.0109654474364138,2,2,1,46133.20349378942,-0.0001598383069636,39.000392675040985,-0.05357896081094726,0,50.238323140018764,4.26326357177625e-05,-0.8488355579250211,0.8488355579250211,-2.2842123183893875e-06,-2.488399732221932
2021-01-05 17:00:00,32464.44,32799.3,32266.46,32727.94,18.68214,0.0083167081654842,2,2,1,49086.11248379856,0.0006218918367807,15.70568834723258,-0.03552691821421505,-1,54.710701347635926,9.4995965020525e-05,1.7481660564993555,1.7481660564993555,-3.374913879964626e-06,-0.1185245933836181
2021-01-05 18:00:00,32758.63,33455.3,32659.36,33355.32,37.510796,0.0189881325466885,2,2,1,49397.046683896704,-6.817496043641683e-05,37.06294022757942,-0.029451993094613993,2,54.861188259090525,0.0001101999009873229,-0.5831207364172887,0.5831207364172887,-3.2456067229057797e-06,-2.523356062456223
2021-01-05 19:00:00,33382.8,34197.09,33138.14,33713.38,60.984269,0.0106775113231503,2,2,1,48570.88228170551,0.0006206537206149,60.82461739340744,-0.0505460693810591,0,52.45488800128656,0.00016057846861488537,1.590580189989431,1.590580189989431,-8.116610415712217e-06,-0.034477853544073955
2021-01-05 20:00:00,33724.08,34062.64,33390.29,33986.62,37.078527,0.0080721265487149,2,2,1,49546.99540173828,-0.000109027741503,45.02198762381575,-0.015240538302724205,0,53.60360749102135,0.00012195381381947289,-0.7103790225541717,0.7103790225541717,-1.858641770678973e-06,-2.5889988611081023
2021-01-05 21:00:00,33970.8,33996.87,33497.24,33698.71,23.586818,-0.0085073600574681,2,2,1,46961.70464188436,0.000163749461432,19.07567897452721,0.011109439668150145,-1,51.87427439303453,6.912481896526038e-05,0.0961731352408054,0.0961731352408054,7.679380058663611e-07,-1.5971198558142796
2021-01-05 22:00:00,33728.23,34392.59,33728.23,34154.15,26.862376,0.0134245436336026,2,2,1,49693.19901097348,0.0002693588385214,46.07024975242255,-0.04172498357759302,2,53.22545558122339,0.0001290763732443229,0.42551833122071514,0.42551833122071514,-5.3857095538746405e-06,-1.1527084440278021
2021-01-05 23:00:00,34228.0,34243.55,33682.68,33946.09,29.254254,-0.0061104233220241,2,2,1,50544.95120563742,9.710130831144204e-06,36.64968793034545,0.012161287060213688,2,54.402145850700364,0.0001685403724096409,-0.4014160846965062,0.4014160846965062,2.049667850108962e-06,-1.3429018519814229
2021-01-06 00:00:00,33939.15,34115.61,33319.67,33941.47,35.187948,-0.000136107410757,2,2,1,49131.98712748003,-1.0336835390016864e-05,57.76681543878133,0.01687488445849783,0,52.36965893476127,0.00018722805635633882,-0.40097386072511415,0.40097386072511415,3.1594518184023376e-06,-1.0629473394252826
2021-01-06 01:00:00,33922.84,34025.87,33528.02,33819.12,17.834663,-0.0036112475692711,2,2,1,51874.29302716495,0.0007294153901195,27.19622449194176,-0.005782648716054162,0,56.15230182881736,0.0002006685005236888,2.0113768122777658,2.0113768122777658,-1.160395446905823e-06,1.7064991399469582
2021-01-06 02:00:00,33813.18,34144.91,33766.53,33874.14,21.231277,0.0016255683982642,2,2,1,49349.95157699677,0.000197317989639,27.51349328940198,0.05116680502299009,1,52.83574526326266,0.00023385511928311593,0.21513429391704605,0.21513429391704605,1.1965619291987283e-05,-0.3561273773036526
2021-01-06 03:00:00,33878.96,34159.87,33657.64,34112.79,17.081747,0.0070204958571178,2,2,1,48988.42355954351,-0.0003451965920844,13.640218278181688,-0.035065860719472486,0,54.576767241866236,0.00011312383019570344,-1.5266040073599378,1.5266040073599378,-3.9667844736957924e-06,-2.8695383335251146
2021-01-06 04:00:00,34125.15,35755.02,34105.32,35324.84,100.282478,0.0349140119093576,2,2,1,50547.43309911629,-0.0005421404551106,170.1971005784044,0.023980942842701136,2,51.1182176215795,5.898474099475342e-05,-1.9131720755832144,1.9131720755832144,1.4145097023867123e-06,-4.049994476365572
2021-01-06 05:00:00,35343.15,35550.0,34561.25,34964.28,33.04634,-0.0102594302669789,2,2,1,50015.08422003527,0.0002720352565348,54.47174944218476,0.0479855215955467,0,50.64550156359416,7.252046538260342e-05,0.556545362322542,0.556545362322542,3.479932357736013e-06,-1.5050588409812558
2021-01-06 06:00:00,34982.33,35246.94,34800.0,35142.76,18.465224,0.005091653722367,2,2,1,50484.24291827456,-0.0001736951450938,13.975486290558187,0.013086870799702721,0,57.86135169250174,1.713871743070341e-05,-0.7885478228611096,0.7885478228611096,2.242921806882285e-07,-2.374748669892791
2021-01-06 07:00:00,35141.0,35252.53,34360.0,34669.47,23.160334,-0.0135591500571372,2,2,1,48458.4038492357,-0.0009163718727618,19.34799807623737,-0.0010650424951310633,-1,56.24445878869106,-9.862153301841462e-05,-2.495073704439666,2.495073704439666,1.0503612359958286e-07,-3.895051068688262
2021-01-06 08:00:00,34679.04,34952.67,34040.34,34594.93,33.865039,-0.0021523330535107,2,2,1,48368.70966833213,-0.0004967005930306,55.90977058220404,0.012971953445589657,0,53.532715497176774,-0.0001594170027234875,-1.2932136547070108,1.2932136547070108,-2.0679499377645196e-06,-2.2890805468894526
2021-01-06 09:00:00,34597.12,34597.12,33615.17,33923.89,49.114126,-0.0195876535828958,2,2,1,49309.68779970396,0.0002372453548431,80.21597092530885,-0.03526398838680467,-2,51.39588691125762,-0.0002209382571330375,0.5269362385919492,0.5269362385919492,7.791164133740298e-06,0.3515880108717646
2021-01-06 10:00:00,33899.27,34560.56,33848.66,34425.9,23.119346,0.0146897021117826,2,2,1,54621.92735786056,0.0007011715329561,30.973222656308927,0.053043523128264214,0,56.535958910583275,-0.00015795656421840003,1.511419004696389,1.511419004696389,-8.378572667379854e-06,0.8445565045490145
2021-01-06 11:00:00,34418.5,35195.95,34354.75,34924.16,28.857534,0.0143696652509444,2,2,1,50973.09619521809,-0.0001260269821846,35.641455997043806,0.0067098725818039995,0,52.04272231480103,-0.00013056036298092502,-0.4105470541189697,0.4105470541189697,-8.760433998360867e-07,-1.0331842043759312
2021-01-06 12:00:00,34913.9,35090.62,34433.34,34922.71,30.361672,-4.15193980831674e-05,2,2,1,47684.55800674642,-0.000116504245776,50.42156978900314,0.04013818834317728,0,47.490811602934656,-7.735583681410001e-05,-0.356902499295123,0.356902499295123,-3.104923147488433e-06,-1.0630525514230902
2021-01-06 13:00:00,34922.81,35051.04,34319.69,34539.68,44.255152,-0.0110285258618016,2,2,1,50340.73373439541,0.0005578231178576,37.041258295240496,-0.006904949617717926,-2,49.240715008193895,-4.163235414875001e-05,1.2440598089309873,1.2440598089309873,2.874693078641087e-07,0.7907848206953035
2021-01-06 14:00:00,34516.08,34596.55,34075.78,34203.66,27.941393,-0.0097761521684347,2,2,1,50157.87079103054,9.460098823191058e-05,31.78373833381396,0.007483771007539497,0,48.90318179582189,-8.09533748303618e-06,0.11603190327707236,0.11603190327707236,-6.058365195179393e-08,0.8094397733189059
2021-01-06 15:00:00,34214.23,34792.8,34145.5,34592.14,27.752123,0.0112938327406961,2,2,1,50514.39967754998,-0.0003010596942091,34.46629934288717,-0.03990673347804208,0,48.57277046454072,6.881868483605132e-05,-0.8302086434422099,0.8302086434422099,-2.7463289140616758e-06,-0.5968117998359381
2021-01-06 16:00:00,34577.71,35087.8,34379.79,34614.06,59.697777,0.0006334692768277,2,2,1,49944.67443137175,-0.0001323078217354,66.05217454149283,0.08261882221327732,0,46.80739051815943,0.00011436778124795133,-0.4301294797058096,0.4301294797058096,9.448931385851482e-06,0.21514983741423388
2021-01-06 17:00:00,34617.82,35071.46,34559.82,34894.29,22.033047,0.0080632476035926,2,2,1,51837.10941439501,-0.0001103750282398,18.174329137396636,0.056044302377876054,0,48.46881572240631,7.091523336258882e-05,-0.31784087737371153,0.31784087737371153,3.974394781770572e-06,0.360225773970591
2021-01-06 18:00:00,34909.12,35241.32,34909.12,35223.82,14.892572,0.0093993527806599,2,2,1,54696.82639830359,-9.140392660531416e-05,21.677909367564684,0.1072894043306154,0,51.88915573204153,-2.8156699082587953e-05,-0.26787835438317303,0.26787835438317303,-3.0209154724872468e-06,0.7118666678619527
2021-01-06 19:00:00,35224.29,35717.65,34700.0,34806.03,42.248838,-0.0119319106562585,2,2,1,45912.32790537109,5.6375127771349377e-05,55.174214806171584,-0.054735558660744865,0,43.79031058811766,-5.356435338094278e-06,0.16852946954074283,0.16852946954074283,2.931874806607461e-07,1.78616995437874
2021-01-06 20:00:00,34874.59,36228.2,34252.89,36029.09,78.450096,0.0345360200785744,2,2,1,48390.18546450712,0.0002422612411548,60.43899329370423,-0.0233477313377225,0,45.484815167625605,3.948925052825572e-05,0.6153191040474071,0.6153191040474071,-9.219844120617308e-07,1.3347137133822868
2021-01-06 21:00:00,36040.56,36470.89,35682.4,35877.72,48.270593,-0.0042101776895275,2,2,1,51125.823442547306,-0.0004013710524229,76.33083207824279,0.08867052063840619,2,45.60201641309441,-8.041002075680678e-05,-0.9879969821484884,0.9879969821484884,-7.129998405051106e-06,-0.4396273035621171
2021-01-06 22:00:00,35849.46,36377.62,35684.94,35995.36,28.891093,0.0032735512393191,2,2,1,48969.67547107944,0.0002554287590344,35.56039967210047,-0.014559810080535751,-1,44.0921604428623,-6.030654940649561e-05,0.700367340138562,0.700367340138562,8.780519059710221e-07,1.5177775016330932
2021-01-06 23:00:00,35982.72,36935.58,35965.7,36756.07,38.673867,0.0209133408274642,2,2,1,45910.15770769355,0.0006312294213422,30.532962593037784,-0.09169646794370512,0,41.56630480508944,5.62295900374169e-05,1.514291693157291,1.514291693157291,-5.1560548003536795e-06,1.4967890307377258
2021-01-07 00:00:00,36761.31,37284.71,36419.66,37137.11,55.05708,0.0103133571311442,2,2,1,51879.93267510953,-0.0002053266166006,69.95493583521744,0.055929867857767546,0,46.45857441452185,4.710224067926689e-05,-0.49839799515909006,0.49839799515909006,2.63442209699616e-06,-0.8082222600887295
2021-01-07 01:00:00,37171.36,37222.17,36638.96,36855.06,43.550257,-0.0076238165773894,2,2,1,49560.82319616534,-0.0004167975712687,71.37390827879805,-0.044597616584155175,2,42.692828275247585,8.7994228006544e-06,-0.9453270811557165,0.9453270811557165,-3.924332842254578e-07,-1.0524196474321863
2021-01-07 02:00:00,36888.05,37056.74,36460.93,36959.29,27.820915,0.0028241139907052,2,2,1,50553.15065868835,-0.0001443999502057,21.88744027178937,0.02438095769586157,0,43.75971946319124,2.1749198506061697e-06,-0.21412562233148708,0.21412562233148708,5.302662886951859e-08,-0.30968216384704017
2021-01-07 03:00:00,36960.92,37697.4,36925.24,37441.33,42.027537,0.012958137850461,2,2,1,51626.18605501125,9.669128762036395e-05,44.72333998404522,0.05384460866068985,0,43.517667082185056,7.21443983173299e-06,0.3631037715116006,0.3631037715116006,3.88458689445756e-07,0.05322933178651251
2021-01-07 04:00:00,37448.31,37549.99,37088.47,37440.96,20.927415,-9.882176414066636e-06,2,2,1,50244.020891776105,-0.00021924502519,15.778908647111807,-0.006002524534633458,0,48.69036640570271,-5.047384346136701e-05,-0.5106944253674078,0.5106944253674078,3.02970483734104e-07,0.39873574999577344
2021-01-07 05:00:00,37440.96,37697.37,37127.14,37358.07,29.801561,-0.0022163398089709,2,2,1,47763.16466103193,0.000288295246043,28.614976841220507,-0.045024807897879326,0,47.47583635896468,3.5734443846870485e-05,0.851785611918082,0.851785611918082,-1.6089364695428994e-06,1.396998155477533
2021-01-07 06:00:00,37352.98,37451.76,36736.18,37140.0,23.841035,-0.0058543965727757,2,2,1,50086.17955220626,-0.0002182045848496,19.76150329690266,-0.00788490315112178,-1,49.50019071863679,-2.3469724138629514e-05,-0.5027646075023647,0.5027646075023647,1.8505650181663876e-07,0.47548444291795244
2021-01-07 07:00:00,37122.14,37307.17,36734.07,36843.26,12.012757,-0.0080218576816299,2,2,1,51086.36934543357,0.0003514114369775,13.573989112291482,0.0542313672644692,0,50.778443598797395,-5.8446972184217016e-05,0.9993284425124093,0.9993284425124093,-3.1696592140184886e-06,1.6586435484023605
2021-01-07 08:00:00,36899.71,37357.0,36309.44,37192.81,19.528344,0.0094427647853763,2,2,1,51311.27105921198,0.0003747771283878,33.3831941337938,0.0608360531231289,2,52.17012024309613,1.4065995939332986e-05,0.995906112995447,0.995906112995447,8.557196761949769e-07,0.9647258843219441
2021-01-07 09:00:00,37220.86,37512.18,36920.9,37473.99,17.121023,0.0075316292962952,2,2,1,48533.20334508005,0.0003516189560722,24.673451196136632,-0.01574709736102964,-1,52.298991861775995,0.00011011806185694549,0.8976966688875392,0.8976966688875392,-1.7340398412692047e-06,-0.5643102651698824
2021-01-07 10:00:00,37508.66,37508.66,36917.78,37031.31,15.920775,-0.0118833213032445,2,2,1,49809.65592210674,9.222807849512046e-05,26.15702244168996,-0.08810145794061397,0,53.954505377459526,0.00013969656544454804,0.1864988484710621,0.1864988484710621,-1.2307471084961075e-05,0.14137347058891894
2021-01-07 11:00:00,37029.91,37921.27,37029.91,37813.03,13.287545,0.0208899812003977,2,2,1,45916.78403951298,3.948319999821936e-05,9.376156561457949,-0.09919570387367305,-1,51.19421620655896,0.00013254555449177996,-0.01838985053161886,0.01838985053161886,-1.31479495731384e-05,-0.4807109217105524
2021-01-07 12:00:00,37808.89,38128.2,37525.35,37941.99,30.697187,0.0034046621483945,2,2,1,51567.52823329433,-0.000257923971912,23.88996782688964,0.08143034954834971,2,59.24701316099156,0.00012771068615152997,-1.009598063381143,1.009598063381143,1.0399525814378671e-05,-1.7563644344409473
2021-01-07 13:00:00,37921.53,38442.69,37893.93,38155.75,21.989498,0.0056180528418661,2,2,1,49182.6079058596,0.0001985076526402,35.38373693253462,-0.02300573993709032,0,56.614743158934694,0.00011648723697617997,0.6348712255738378,0.6348712255738378,-2.6798750798642077e-06,-1.0870274574273981
2021-01-07 14:00:00,38160.64,38608.83,38075.5,38452.95,19.106154,0.0077589488134837,2,2,1,51210.16392325594,9.811587508387408e-05,33.97952893855875,0.020979621256442593,0,58.80006616628328,0.00015602729446786422,0.26919818131378287,0.26919818131378287,3.273393543603232e-06,-2.071460847075106
2021-01-07 15:00:00,38454.75,38960.6,38104.8,38958.86,16.366521,0.0130708015404437,2,2,1,51282.624232236165,0.0004707102811991,14.29894028756414,0.015208030969189101,0,60.27911193851664,0.00017093964999556423,1.4781017302737471,1.4781017302737471,2.5996554909948863e-06,-0.6157335581254422
2021-01-07 16:00:00,38965.5,39536.95,38955.67,39114.35,43.084634,0.0039831897671689,2,2,1,50156.20803844032,0.0003850867870703,52.37558747854515,0.004235358613844609,2,59.918327985007735,0.00017222835733087674,1.0777126263346433,1.0777126263346433,7.294488567696361e-07,-0.8822642664540985
2021-01-07 17:00:00,39123.34,39783.37,39102.67,39733.26,39.313391,0.0156992129907411,2,2,1,49270.47656363608,0.0007419739219853,45.095411136680745,-0.049513425415773304,2,57.02619202127233,0.00022102272807001424,2.0120581858729207,2.0120581858729207,-1.0943592361485394e-05,0.017019604049232084
2021-01-07 18:00:00,39733.26,40358.96,35813.86,38914.69,109.223737,-0.0208168060241487,2,2,1,50321.4581733915,0.0005155775904857,111.09143361685676,-0.07999309124537779,0,52.780455510134594,0.00027394141706883665,1.1793740884952892,1.1793740884952892,-2.1913420771475542e-05,0.4886229797930399
2021-01-07 19:00:00,38865.71,39234.02,37526.98,39058.8,47.073592,0.0036963887106935,2,2,1,50057.986149710654,0.0003165999776762,68.09271420460853,0.09029510010653552,2,51.80220071383311,0.0003085810142785843,0.5205021284417466,0.5205021284417466,2.7863353575261033e-05,-0.7520278954306834
2021-01-07 20:00:00,39086.33,39212.87,38391.88,39120.42,42.502968,0.0015763782949065,2,2,1,48229.94453133527,7.527690519788361e-05,41.26851303082135,-0.0033114345736364736,0,50.92065001287006,0.0003502311239173197,-0.2094834115968807,0.2094834115968807,-1.1597674525033726e-06,0.0002571006124957309
2021-01-07 21:00:00,39147.32,39873.72,39097.46,39661.77,27.055822,0.013743170139957,2,2,1,51377.64381102687,-4.063527558433051e-05,36.57601564570663,0.004925502447164387,2,56.62047077318038,0.0003203382578892534,-0.6557773504623268,0.6557773504623268,1.5778268731538942e-06,-1.1871875387808897
2021-01-07 22:00:00,39700.25,39960.23,39216.25,39645.53,27.156974,-0.0004095461635191,2,2,1,49104.672063983984,0.0002747324937895,28.3503260884498,0.002756738565365291,-1,54.54899055867998,0.00034241533522745663,0.38486374132542817,0.38486374132542817,9.43949559994014e-07,0.08668426840775018
2021-01-07 23:00:00,39678.03,39678.03,38609.88,39444.65,25.660552,-0.0050797818885186,2,2,1,49193.27020870871,-0.0001066754010208,26.066100365193325,0.0715116798752573,1,54.91993051284655,0.0002702421249499691,-0.8090755833925285,0.8090755833925285,1.9325468328231477e-05,0.10807666352448231
2021-01-08 00:00:00,39437.66,39685.65,38800.01,38800.01,13.804995,-0.01647791903207,2,2,1,50401.21986745288,0.0004986235777426,23.082712251682423,-0.028502596888798526,0,59.3755436175377,0.00028443422378400665,1.1783335572480014,1.1783335572480014,-8.10711402189385e-06,3.0657338792681466
2021-01-08 01:00:00,38814.49,39003.39,37840.98,38678.94,49.594627,-0.0031252384948956,2,2,1,50968.17841242423,0.000231709541069,46.35756376587755,0.028396526237840725,0,61.866708469519594,0.0002206511761694691,0.18153676184489817,0.18153676184489817,6.265726913506746e-06,1.724202547776318
2021-01-08 02:00:00,38662.49,38692.66,36589.0,37139.67,71.531064,-0.040609595280042,2,2,1,49276.15271481811,0.0003316067021944,75.61842208024864,-0.025260501615259168,-2,56.15071150945251,0.0001976548151330566,0.5009757625692796,0.5009757625692796,-4.992859776932329e-06,3.0794153279709335
2021-01-08 03:00:00,37173.61,38444.91,37081.46,38349.0,56.105354,0.0320427812677781,2,2,1,52229.5280186455,-0.000184462932888,39.75390382011555,0.011686742905845371,-2,59.855057584392895,0.0001350219513125316,-1.4127103412326332,1.4127103412326332,1.5779668316351278e-06,0.3314356431663088
2021-01-08 04:00:00,38350.92,38968.12,38152.47,38685.8,29.229852,0.0087441557836704,2,2,1,48797.86876917757,0.0002215324007382,34.03656132887169,-0.028782571476783203,0,54.776275712017714,0.00015330388825507115,0.04416492902718586,0.04416492902718586,-4.41248012137037e-06,1.4422868024633078
2021-01-08 05:00:00,38662.46,38711.33,37906.51,37982.98,27.673646,-0.0183344429829279,2,2,1,53766.52422366761,0.0002153770104214,24.64206107751513,0.12569015485553847,0,60.62402153713473,0.0001853054240057875,0.03185007702192843,0.03185007702192843,2.3291067438858647e-05,1.7211570689669091
2021-01-08 06:00:00,37980.69,38684.79,37580.02,38526.58,23.900077,0.0142102280401168,2,2,1,48894.10335060141,-0.0001165965703717,21.91106668522316,-0.023800501700520393,1,54.99686451968167,0.0001363892909856375,-1.3425845265685146,1.3425845265685146,-3.246133552036436e-06,-0.24127524915379395
2021-01-08 07:00:00,38567.37,39124.17,38307.67,38945.83,21.644219,0.0108233135567772,2,2,1,50278.15952156022,0.0001945240886246,16.444621516245224,-0.015820459238518936,-1,56.37165261089082,0.0001740392271913125,-0.043476651508497756,0.043476651508497756,-2.7533804996834957e-06,0.5377896321784327
2021-01-08 08:00:00,38911.99,38989.39,38430.5,38634.39,14.184117,-0.0080288937832726,2,2,1,50169.85453764586,-0.0002256366784043,15.385835478975435,-0.022244947318669106,0,57.408645320810756,8.350669517294999e-05,-1.5907799460580994,1.5907799460580994,-1.8576020348784322e-06,-0.5978235418245739
2021-01-08 09:00:00,38656.51,39367.94,38223.87,39345.29,13.495222,0.0182334601865594,2,2,1,49613.0482664865,0.0002522375191143,24.27487825976778,0.022249611543844416,-1,56.79740412075406,8.607269242861249e-05,0.30176439354017137,0.30176439354017137,1.9150839710694263e-06,0.9548683926851677
2021-01-08 10:00:00,39349.37,41067.35,39218.24,40715.1,60.040117,0.0342227583584229,2,2,1,47904.22907363712,-0.0001028189177429,94.24056846174756,-0.03825416604863441,0,50.875747863911684,3.1769489936449985e-05,-1.045661678396322,1.045661678396322,-1.2153153433093776e-06,-1.616700352993663
2021-01-08 11:00:00,40715.2,41499.98,40450.49,41300.89,79.217719,0.0142850183582616,2,2,1,51040.517581700944,0.0001549812347507,128.99408311084196,0.11158737810946895,0,48.096503958311395,7.420001089128748e-05,-0.06846054093560262,0.06846054093560262,8.27978467105281e-06,-0.4467188399311571
2021-01-08 12:00:00,41304.73,41783.11,40919.88,41308.08,41.962807,0.0001740731065442,2,2,1,49787.178209083366,-0.0003340344850851,69.04397541512998,-0.03452463372214709,2,45.00069865314865,4.754150163374982e-06,-1.9120810844997456,1.9120810844997456,-1.6413529305060703e-07,-2.1995644943567125
2021-01-08 13:00:00,41326.85,41632.71,40729.72,41300.47,26.290512,-0.0001842424306328,2,2,1,50391.6713379138,0.0005086847576613,32.9249873366418,0.024583150091765482,2,45.6485243744061,4.1417618568362486e-05,1.1986162196267383,1.1986162196267383,1.018175533709548e-06,1.0439719461014147
2021-01-08 14:00:00,41329.52,41579.29,40983.44,41461.97,18.379539,0.003902741509048,2,2,1,51212.72722239976,1.0496222929698695e-05,15.442974371438478,5.005449987738331e-05,2,47.18461196578812,5.730421773103733e-05,-0.6138552512769738,0.6138552512769738,2.8683339593917543e-09,-0.7150071266764212
2021-01-08 15:00:00,41462.68,41958.85,39817.63,40832.27,93.072617,-0.015303921395283,2,2,1,51446.60451794895,0.0003526230256628,84.61844736847307,0.003197579846347054,2,44.51596842088347,7.706658486081232e-05,0.6634290445435208,0.6634290445435208,2.464265585777285e-07,1.2877551001493932
2021-01-08 16:00:00,40806.59,41588.64,40425.32,41336.67,49.348088,0.0122772993239479,2,2,1,45341.36152373829,0.0001341065440669,41.24955832692951,-0.09599702016970413,-1,39.61457082898821,0.00012203448766971232,-0.10990268383639923,0.10990268383639923,-1.1714947174228882e-05,0.21383024502001718
2021-01-08 17:00:00,41305.1,41550.69,40891.08,41040.78,26.914946,-0.0071837929553666,2,2,1,48437.116687149406,0.000433110423833,33.84545592582559,-0.016913980432284537,1,42.739407480343345,0.00014464360075954982,1.1625423797944296,1.1625423797944296,-2.4464990329022024e-06,2.1222885899854056
2021-01-08 18:00:00,41018.04,41158.54,39781.66,39934.82,48.554382,-0.0273175814950672,2,2,1,52412.85056934131,-7.0359072190465e-05,41.71872163573731,0.041560647720969346,0,49.26297276305585,0.00014870108145360422,-0.8388580342822204,0.8388580342822204,6.180113262020413e-06,0.2400388598610178
2021-01-08 19:00:00,40042.5,40691.47,40042.5,40353.35,28.908558,0.0104257897788926,2,2,1,50073.46379872671,-0.0001856074188899,44.85755572270616,0.00030919440046517366,0,48.11494916793049,0.00010612749974852922,-1.2176716160934882,1.2176716160934882,3.281402865761436e-08,-0.412846999685211
2021-01-08 20:00:00,40352.49,40497.97,38921.0,39041.46,94.686209,-0.0330502564270798,2,2,1,50688.18092146784,-7.422825798627069e-06,93.64620710584704,0.05096909013725792,0,46.37177535862319,0.00014695395715933832,-0.4549394342063271,0.4549394342063271,7.490109488481054e-06,1.3264300354871201
2021-01-08 21:00:00,39060.86,40084.93,38685.36,40061.23,38.882068,0.0257848753237954,2,2,1,50401.10746734893,0.0003694746980589,42.82606806393687,-0.01900702856810177,1,45.84700291789091,0.00012955269970903833,1.0283886811771608,1.0283886811771608,-2.4624118644444015e-06,2.328462854640776
2021-01-08 22:00:00,40050.09,40779.73,39724.87,40666.11,17.350101,0.0149860337364682,2,2,1,49400.10368502328,-0.0004599747573871,17.846834556671133,0.006016364810548902,0,45.369930671316645,7.074382716943849e-05,-2.043253964250054,2.043253964250054,4.2562067234576306e-07,-1.3274534998547436
2021-01-08 23:00:00,40677.7,40933.86,40460.68,40597.2,22.578667,-0.0016959687346531,2,2,1,50722.64498155894,-0.0003354051285753,20.96248724254985,0.031089105610618395,0,46.80395782771218,-1.525969211032402e-05,-1.482265017016963,1.482265017016963,-4.744101796033837e-07,-0.946846848910656
2021-01-09 00:00:00,40574.89,40969.9,40005.07,40302.53,37.938411,-0.0072848525737789,2,2,1,49845.13437352145,-3.814884468304759e-05,44.19636763345462,-0.011033175296031428,0,45.11528382565673,-3.679161570406746e-05,-0.35573190713835956,0.35573190713835956,4.0592834548719907e-07,-0.17217717230176624
2021-01-09 01:00:00,40284.58,40318.87,39764.2,40182.35,47.499196,-0.0029864016525777,2,2,1,49436.77462165895,-1.1967537843557916e-05,49.35802135496008,-0.03004627276206484,0,44.62448514302375,-9.242636091363722e-05,-0.2207673034854168,0.2207673034854168,2.7770676504161924e-06,-0.05828822533928621
2021-01-09 02:00:00,40215.36,40545.92,39502.54,39983.91,31.541056,-0.0049507212961561,2,2,1,51089.605707183415,1.7692423023012865e-05,47.31040109978854,0.03680183805867565,0,47.325713927168955,-8.141992401195248e-05,-0.059883533515479676,0.059883533515479676,-2.9964028582375523e-06,-1.1673666738602584
2021-01-09 03:00:00,39976.26,40371.79,39716.75,40199.14,11.391623,0.0053684791716133,2,2,1,50670.95396393007,0.000563755291886,16.906685002113953,-0.02984086040676126,0,47.95277834059102,1.2250414835035016e-05,1.8282501302512646,1.8282501302512646,-3.6556291901719715e-07,1.795546316845141
2021-01-09 04:00:00,40224.59,40484.02,39812.24,40221.98,14.557688,0.0005680100106548,2,2,1,49172.09794496938,0.0008793333971232,14.715025663486928,0.0076689655763857445,1,47.40105752197509,0.00012309494270026342,2.470210051956264,2.470210051956264,9.440108781954958e-07,2.7664075149230323
2021-01-09 05:00:00,40191.55,40191.55,39156.38,39293.1,19.652199,-0.0233646814304986,2,2,1,52351.87351046274,-7.363568847932406e-05,17.43174929292152,-0.02631099431534678,0,50.819533628360894,6.770614438298539e-05,-0.47952412230883107,0.47952412230883107,-1.781415979974777e-06,0.0522975120534423
2021-01-09 06:00:00,39272.73,39622.68,38887.96,38977.18,34.864377,-0.0080725842712698,2,2,1,48917.38307049647,0.0002345838420427,39.87373702905652,0.00047612530550233956,1,46.671759819988324,0.0001545259693117104,0.44129628328991444,0.44129628328991444,7.357372434658326e-08,1.7562178054292974
2021-01-09 07:00:00,38981.05,39693.98,38739.22,39640.19,17.588245,0.0168671559183426,2,2,1,47763.09374625278,0.000273934580388,20.93890053521815,-0.050023027876128445,1,45.375889697691235,0.0002306934329321229,0.5519874841019442,0.5519874841019442,-1.1539984026403351e-05,1.5591185404892438
2021-01-09 08:00:00,39640.19,40260.0,39283.92,40153.67,19.878596,0.012870340849755,2,2,1,51467.398249806734,-0.0002366847110349,33.101969628744314,0.025863015233325903,0,48.08573704836987,0.00020587644963814135,-1.0424716986191205,1.0424716986191205,5.324585753174303e-06,-0.8119708774664621
2021-01-09 09:00:00,40176.95,40772.3,40159.97,40328.41,20.361809,0.004342339923955,2,2,1,49848.500931239614,0.0001766706008164,14.253973523350714,0.00474578105921708,-1,47.01337108695537,0.0002294562169706361,0.2595743594570074,0.2595743594570074,1.0889489684188496e-06,0.9635185900839343
2021-01-09 10:00:00,40363.04,40767.17,40105.58,40369.89,14.605164,0.001028026703242,2,2,1,47136.06720043732,5.910939261504634e-05,16.101474363936976,-0.016035366564797537,0,47.991972288645584,0.00023463333816964025,-0.1313105183405547,0.1313105183405547,-3.7624315858722833e-06,1.6426548908090342
2021-01-09 11:00:00,40378.02,41200.0,40244.61,40558.83,37.540865,0.0046693026475264,2,2,1,53554.67076695729,-0.0001669287653256,39.61468290956208,0.049257987661115,2,59.9859934005525,0.00014329783101819026,-0.7926097804915295,0.7926097804915295,7.058562792158558e-06,1.1509813482451268
2021-01-09 12:00:00,40595.14,40922.82,40403.03,40878.09,14.315009,0.00784070997741,2,2,1,48527.98778086029,2.128952855858799e-05,25.02257963580282,-0.025291460040877456,-1,57.17483105528993,3.6042347447613755e-05,-0.2618697474371109,0.2618697474371109,-9.115635902507449e-07,1.3086425239394806
2021-01-09 13:00:00,40878.1,41241.91,40661.01,41026.81,17.653774,0.0036315327518536,2,2,1,50568.48280379693,0.0008073031909693,18.64009837908162,0.0035087438298577744,0,60.59879713791813,0.00014615970737869176,2.0952656933040945,2.0952656933040945,5.128369714388025e-07,3.447305468635112
2021-01-09 14:00:00,41061.59,41371.87,40728.4,40828.63,22.644915,-0.004842204433233,2,2,1,52591.46430246133,0.0006344945483178,35.32772061168855,0.026921766420955784,2,61.55622172891934,0.00019614854566307928,1.4265865332064647,1.4265865332064647,5.2806653301516e-06,3.02421785951283
2021-01-09 15:00:00,40819.42,40974.15,40232.13,40542.76,17.155895,-0.0070263313948544,2,2,1,49399.03644479706,0.0005922116219889,24.109927225134008,-0.03979986808337432,0,62.22668071521038,0.00023593317586319176,1.2409029500542998,1.2409029500542998,-9.390109275846587e-06,2.400117778855254
2021-01-09 16:00:00,40522.24,40648.1,39901.0,40006.63,20.819918,-0.0133120292352764,2,2,1,51059.48151985551,-5.505721996957519e-05,14.672372531186618,0.1261126663151373,0,66.54617213601182,0.00025863661224635737,-0.5513353538178568,0.5513353538178568,3.2617352777102414e-05,1.3853504331142399
2021-01-09 17:00:00,39979.81,40585.82,39979.81,40415.78,10.892045,0.0101751123855855,2,2,1,47748.566245743925,0.0005638553946137,14.962538856426397,-0.014215347413281454,1,63.801196012445615,0.0003070347114710199,1.1423483572545474,1.1423483572545474,-4.36460509149718e-06,2.315840766456718
2021-01-09 18:00:00,40425.09,40779.41,40425.09,40635.43,10.461237,0.0054200433952527,2,2,1,52662.57453794281,0.0001327058293146,15.263169294142456,0.00476455613249116,0,72.94586062202144,0.0003162342660584641,-0.06585109890147242,0.06585109890147242,1.5067159116526962e-06,-0.14509233456641063
2021-01-09 19:00:00,40649.46,40882.14,40462.96,40675.8,7.729706,0.0009929748527248,2,2,1,51735.4178272682,0.0004144716898946,9.806480608063264,0.03319031483865009,0,75.31840263259556,0.0003889093229609891,0.652430471408671,0.652430471408671,1.2908022872761477e-05,0.8979587042554598
2021-01-09 20:00:00,40660.43,40776.96,40078.6,40616.15,24.442477,-0.0014675502483516,2,2,1,47923.63641538041,-0.0002020370487615,18.761836051927567,-0.0545402193535135,1,78.30594276056837,0.0003609935007959781,-1.0321262028745912,1.0321262028745912,-1.9688664718605393e-05,-1.9473008144787514
2021-01-09 21:00:00,40624.25,40757.44,40514.05,40724.6,14.105967,0.0026665616990655,2,2,1,49405.40174054576,-0.0002164529648058,18.138236679583915,-0.019755631906465676,0,84.12046484694247,0.00023302398132409057,-0.9886518848906332,0.9886518848906332,-4.603536000417865e-06,-0.9931033159650322
2021-01-09 22:00:00,40702.22,40744.98,40120.7,40270.02,7.113059,-0.0112250609523325,2,2,1,49124.94633815043,0.0002207150148784,8.64885534246864,-0.005569975088053569,-1,84.97371934452865,0.0001813015396441656,0.12532072173688302,0.12532072173688302,-1.0098450592437589e-06,1.0464975947939796
2021-01-09 23:00:00,40297.95,40413.97,39928.99,40090.54,10.157065,-0.0044668752539767,2,2,1,49124.70051920218,-0.0004089184212614,8.216868331308172,-0.031503571293210575,0,86.88890726308772,5.6160284237878085e-05,-1.6602961639141045,1.6602961639141045,-1.7692495183349623e-06,-0.715273031868233
2021-01-10 00:00:00,40092.11,40741.48,40092.11,40579.27,15.013311,0.0121169488217507,2,2,1,49235.13881253129,-0.0003268680181945,14.311497398232548,-0.012237815559269505,1,91.94429218421234,2.218393445976248e-05,-1.3452703950410065,1.3452703950410065,-2.714828982974962e-07,-1.1566442474840053
2021-01-10 01:00:00,40583.13,41330.71,40450.99,41128.84,39.98617,0.0134522335080085,2,2,1,45861.2722753877,-3.347769058627884e-05,35.68105620548208,-0.07232474961472857,0,87.8885243567444,-5.248270119023488e-05,-0.5351370921608014,0.5351370921608014,3.7957982226883547e-06,-1.0047561672137066
2021-01-10 02:00:00,41137.9,41137.9,40842.1,40942.92,13.30865,-0.0045306770083168,2,2,1,47901.51981004387,0.0004345117460181,11.670448077999476,-0.06240184971111029,-1,98.52795167221215,-1.4756961602297374e-05,0.6973560422030779,0.6973560422030779,9.208617000991861e-07,0.03155099525909266
2021-01-10 03:00:00,40955.33,40978.16,40263.94,40327.09,24.357805,-0.0151554500198649,2,2,1,48009.74152516777,-0.000184901242328,34.849498103685164,-0.052519485633854,0,95.235750672592,-8.967857813012238e-05,-0.9120067731765411,0.9120067731765411,4.709872795769416e-06,-0.719396177755839
2021-01-10 04:00:00,40310.76,40627.48,40070.24,40331.65,12.954216,0.0001130689620207,2,2,1,51247.44545179322,-0.0001387824870428,10.942260645713686,0.0422057954319226,2,102.4248463898767,-8.177175791528488e-05,-0.7311612900052296,0.7311612900052296,-3.451242086681211e-06,-0.5822547012906572
2021-01-10 05:00:00,40335.1,40664.7,40257.82,40476.19,9.647516,0.0035773794757449,2,2,1,50235.08853488747,-0.0003727454348901,12.730439693070196,-0.040433796035059144,2,101.35385668461214,-0.00010130831667582238,-1.3455170310281008,1.3455170310281008,4.096279813125383e-06,-2.6176213864650713
2021-01-10 06:00:00,40450.8,41083.97,40400.0,40936.66,10.83387,0.0113120941047473,2,2,1,52583.44871680152,0.0002277962474467,17.854990004140202,0.07494402636015418,2,111.02411339683137,-0.00010042316260478487,0.39176947760335334,0.39176947760335334,-7.5261161454230475e-06,-1.626427344835471
2021-01-10 07:00:00,40907.31,41064.73,40651.77,40979.59,7.688792,0.0010481437792932,2,2,1,49974.533008281374,-0.0001555982004763,12.038041633728673,0.04630016794509029,0,107.53663233693015,-6.875813500664739e-05,-0.6628436831679264,0.6628436831679264,-3.183513198398966e-06,-1.8472953698710497
2021-01-10 08:00:00,40977.54,41045.67,40573.92,40824.37,5.571241,-0.0037949308635756,2,2,1,48447.82796793392,0.0002176674785228,10.012535974489492,-0.05866957306092613,0,109.7019097677105,-6.911979169848815e-07,0.3637470507528772,0.3637470507528772,4.055228669010446e-08,-0.10697793909725056
2021-01-10 09:00:00,40788.39,41050.57,40717.56,40757.1,9.702118,-0.0016491493778225,2,2,1,53321.4246511935,-8.33727261059619e-05,11.322691545838952,0.06966957190436651,0,121.54408063708118,-6.928077356945264e-06,-0.48362911257014735,0.48362911257014735,-4.826761835787115e-07,-0.6976222670500405
2021-01-10 10:00:00,40768.72,40839.02,40016.75,40399.24,18.104963,-0.0088190847299056,2,2,1,48902.91996250343,0.000162200624293,22.02118718699789,0.03748409375251649,0,109.98812140889743,-4.0966967572582765e-05,0.21946400499050533,0.21946400499050533,-1.5356096532469952e-06,0.5050049016554815
2021-01-10 11:00:00,40429.05,40429.05,38896.71,39139.82,72.875929,-0.0316706098274455,2,2,1,49492.58152805833,0.000198591683183,52.454670719472986,-0.07584939241947941,0,108.18996513021185,6.969648116292236e-06,0.28411263280872745,0.28411263280872745,-5.286435749983353e-07,2.17098742451249
2021-01-10 12:00:00,39155.13,39788.16,38364.38,39527.99,58.845663,0.0098686654766666,2,2,1,48983.00807343191,0.0001997233909152,101.5848283594818,0.009376450856078744,0,91.72465777038946,4.9282882861042235e-05,0.2654759429427328,0.2654759429427328,4.6209852919244795e-07,1.9264424220835585
2021-01-10 13:00:00,39551.04,40070.02,39428.96,39765.56,14.407611,0.0059921824878195,2,2,1,54375.59392658291,0.0002017519888146,13.88404223321812,0.0752862437569537,-2,102.73770479494162,0.00012109506082412973,0.3831167770430494,0.3831167770430494,9.116792266968565e-06,1.834269839486159
2021-01-10 14:00:00,39816.48,39854.0,39260.17,39436.45,19.78593,-0.0083106955047203,2,2,1,46853.39259213776,-0.0001165650934219,25.04211908373892,-0.1091065211138269,0,90.27966234910753,7.804989321555474e-05,-0.5935074646931908,0.5935074646931908,-8.515752322054858e-06,0.9058038464784566
2021-01-10 15:00:00,39441.25,39937.97,39068.62,39721.0,21.007223,0.0071894995523997,2,2,1,48430.64041961476,0.0003246135779414,29.84922773712463,-0.01960354077481785,0,92.29808347375187,0.00013807636551776726,1.0536121381733463,1.0536121381733463,-2.706785661466204e-06,1.9602154696248553
2021-01-10 16:00:00,39679.37,39764.08,39183.92,39262.35,15.426156,-0.0116139706755742,2,2,1,49202.61297648569,0.000551998445119,12.21817018437506,-0.036366772401473346,0,94.20992786474115,0.0001798677363422922,1.6904041277309738,1.6904041277309738,-6.541209029928357e-06,2.5769704546834875
2021-01-10 17:00:00,39242.4,39399.64,37300.0,38564.88,63.151193,-0.0179240266667122,2,2,1,49761.47621806722,0.0003594496655087,113.43271150823732,0.04215644846723987,-2,80.16529931013706,0.00023522053529412496,1.0971480135112406,1.0971480135112406,9.916062374563356e-06,2.9118867122502383
2021-01-10 18:00:00,38553.43,38743.85,37725.76,38107.23,31.687545,-0.0119379898420906,2,2,1,51448.85246032775,4.4742856142199947e-05,54.51664421128403,-0.023047146636186455,0,77.95406612731067,0.00022053831427527496,-0.03724141875732644,0.03724141875732644,-5.082778867999635e-06,2.0513510831570967
2021-01-10 19:00:00,38125.62,38559.71,37200.0,37450.86,25.214679,-0.0173743542578161,2,2,1,51149.46590525879,0.0001142928666482,39.88213490361581,-0.01132593388857428,0,74.1226790402889,0.00021000096220842498,0.27295197979885727,0.27295197979885727,-2.378457014509607e-06,2.5179809521744065
2021-01-10 20:00:00,37414.7,37769.34,35200.0,37725.66,120.891194,0.0073108258792,2,2,1,52277.67040893531,0.0004951397788912,159.64190327020873,0.09085358122276244,-2,62.91351015401841,0.000246928010705425,1.5496050544583706,1.5496050544583706,2.243429407680048e-05,3.3456943987280674
2021-01-10 21:00:00,37725.67,38287.37,37528.19,38061.85,60.82224,0.0088719686179032,2,2,1,50383.35797696759,-0.0001607287464182,92.0572039984792,0.01979452047688235,-2,55.68058460680391,0.00020161791880132497,-0.8651895807376998,0.8651895807376998,3.99093002221923e-06,0.6050823245368818
2021-01-10 22:00:00,38038.6,39040.0,37849.46,38429.13,40.127611,0.0096032976082724,2,2,1,52092.67552503902,1.0723176705718592e-05,67.28995423207157,0.06041185605497246,-2,54.06580012945482,0.0002175289525672773,-0.20158316384476488,0.20158316384476488,1.3141327770283286e-05,0.6583652589239806
2021-01-10 23:00:00,38427.18,38708.12,37886.42,38182.97,28.733936,-0.0064261610661677,2,2,1,51115.32661992504,0.0002849184923781,28.81556677317087,0.040521897938996077,0,51.94098975104257,0.0002125670668718648,0.7542447587898534,0.7542447587898534,8.61362098897346e-06,1.6108539878467703
2021-01-11 00:00:00,38166.79,38288.44,36578.04,37201.99,76.062655,-0.0260273502187349,2,2,1,50752.61697180502,-4.556444577031861e-06,72.64937268215013,0.030821039523250215,0,48.6862881848071,0.00014299770565986083,-0.4704189056634417,0.4704189056634417,4.4073379378766715e-06,1.1609277420712614
2021-01-11 01:00:00,37174.24,37811.75,36647.68,37255.17,60.014248,0.0014284726691951,2,2,1,47115.152218578565,0.0003009993415179,94.37891824393851,0.027340714310356784,0,42.78763009434,0.00013569141516101083,0.7512680860484703,0.7512680860484703,3.7099002162852123e-06,2.4643768559586503
2021-01-11 02:00:00,37256.76,37409.42,36137.9,36359.42,71.909497,-0.0243374095542758,2,2,1,49405.120684812646,0.0002150944428826,90.77132819354624,0.03138941897316383,1,41.86021675198214,0.00015698536350356083,0.446054100917212,0.446054100917212,4.927679347667693e-06,2.348644453476189
2021-01-11 03:00:00,36289.64,36666.66,33622.76,35428.24,148.742215,-0.0259440753596873,2,2,1,48880.37907296739,7.644820652483322e-05,119.71249130816008,0.018134601856650612,0,38.637456627409485,0.00015225478098813999,-0.20995196664606347,0.20995196664606347,2.7610798339914556e-06,1.655112653744327
2021-01-11 04:00:00,35416.8,35959.59,34339.99,35516.31,92.665123,0.0024827853651974,2,2,1,47359.23920951549,0.0004703537532871,150.78599087045524,-0.0758712206627985,0,33.708911199269885,0.00014915652778762747,1.4266289415799775,1.4266289415799775,-1.1316687833071919e-05,3.0555489221649825
2021-01-11 05:00:00,35539.42,35931.03,34528.09,34952.1,77.068713,-0.0160134748807525,2,2,1,49559.93516596917,8.442234924637283e-05,99.88531562637908,-0.013439876162444131,0,33.21484310140284,0.00017980041474569908,-0.42124270375474954,0.42124270375474954,-2.416495308138289e-06,1.3682728752268196
2021-01-11 09:00:00,35050.5,35694.3,35050.5,35694.3,24.750748,0.021012459460767,2,2,1,47335.55955304924,-3.151341365237549e-05,36.6412042398754,-0.0998011597150239,1,31.329623091034176,0.0001745208409509373,-0.9370656949448012,0.9370656949448012,-1.741738232134478e-05,0.5944999916592423
2021-01-11 10:00:00,35701.68,36336.71,35241.37,35361.0,44.430545,-0.0093814942598733,2,2,1,51272.1293643254,-0.0004760237150162,62.96545156296735,0.0259651522072053,0,32.82854086102352,7.940306502664981e-05,-2.682249220248843,2.682249220248843,2.0617126691355822e-06,-1.0731093716025064
2021-01-11 11:00:00,35352.74,35486.05,34043.2,34167.8,71.547034,-0.0343258378206172,2,2,1,52134.96844297661,-0.0004361986420819,70.95437679263637,0.07610538242257414,0,32.12739319788848,2.544779033854129e-05,-2.135159345702906,2.135159345702906,1.9367138155241726e-06,-0.17992199219077976
2021-01-11 12:00:00,34231.3,35122.17,33517.54,34230.93,60.898278,0.0018459412309645,2,2,1,52420.70867772522,0.0004454832793951,59.25939074703552,-0.016892196323717634,0,31.37660293023089,4.3508282573191284e-05,1.1667366079895765,1.1667366079895765,-7.349504509341298e-07,2.903136947365801
2021-01-11 13:00:00,34247.22,34443.01,32811.46,32811.46,126.391988,-0.0423517767114454,2,2,1,52162.442807998494,0.0005154677264977,211.2799507295925,0.06665292886384533,-2,28.045033234450553,8.105494302507879e-05,1.3211566112844997,1.3211566112844997,5.402549351513612e-06,3.379146870081803
2021-01-11 14:00:00,32834.02,33780.17,30876.51,33253.33,169.955077,0.0133770678516462,2,2,1,50497.5525167445,0.0002021374269971,158.48418557467988,0.020305487361099495,-2,25.68565740116943,9.676609558411213e-05,0.1789874632764761,0.1789874632764761,1.9648827308661347e-06,1.3810576882301
2021-01-11 15:00:00,33300.98,33687.65,31397.75,31569.13,142.927411,-0.0519751680809577,2,2,1,49497.9270430238,7.80429899246702e-05,151.81946018376047,0.010512195756127607,-2,24.549899253140243,4.7727250163808416e-05,-0.25442689496208454,0.25442689496208454,5.017181966236274e-07,1.685001852447615
2021-01-11 16:00:00,31552.83,32208.59,30471.78,31759.6,164.951882,0.0060152974590543,2,2,1,50428.7815974811,0.0001819497803913,258.0538627561036,-0.07258426150582797,0,22.309800506900412,5.991817905692431e-05,0.126878929254365,0.126878929254365,-4.349116777620819e-06,1.8653195837588177
2021-01-11 17:00:00,31758.65,33554.66,30734.3,32831.92,239.123387,0.0332061710569764,2,2,1,52086.87377023736,0.0001540418418409,392.8157068083812,0.11169908705773857,0,19.8187566214721,8.311258599358375e-05,-0.016168544528694533,0.016168544528694533,9.283599978491095e-06,1.0320540338071047
2021-01-11 18:00:00,32846.99,33309.39,32472.17,32586.09,82.193192,-0.0075157026989156,2,2,1,52567.76107083784,-0.000391276462025,146.8882546199439,0.08542362057115227,-2,19.148976281317978,9.370599261748376e-05,-1.8017325041565895,1.8017325041565895,8.004705158599128e-06,-0.6208916726352354
2021-01-11 19:00:00,32611.3,32728.74,31239.49,32270.05,62.747145,-0.0097459547098655,2,2,1,49038.72464952685,0.0003864871001002,87.3104288397422,-0.0033308866550880722,1,17.387819408850852,0.00019654171039024625,0.9464623621806247,0.9464623621806247,-6.546581603070559e-07,2.0307985248933793
2021-01-11 20:00:00,32249.43,33465.86,31424.84,33465.86,42.327787,0.0363862592239847,2,2,1,49625.308460999135,0.0003152406779303,55.04522552703302,-0.0027364091143792235,-1,17.96778695525997,0.00018026138520714624,0.7021606238113564,0.7021606238113564,-4.932688974514591e-07,0.8292981003346316
2021-01-11 21:00:00,33445.54,34456.55,33101.51,34047.03,43.252022,0.0172169894082596,2,2,1,50559.52582895208,-0.0006565624466555,67.5863363084841,-0.017285645623708157,0,18.219819558466863,3.3757613562996236e-05,-2.3334069145788052,2.3334069145788052,-5.83522145152037e-07,-2.787494490963345
2021-01-11 22:00:00,34004.97,34903.43,33664.69,34383.62,21.98076,0.0098374840655282,2,2,1,47160.146196775226,-0.0001403462995542,20.35297990014376,-0.07799337955693908,-1,17.115256735853386,-9.052852255916265e-06,-0.6809230470661445,0.6809230470661445,7.060625420685694e-07,-1.6644327188040013
2021-01-11 23:00:00,34369.65,35621.1,34297.61,35438.75,47.011612,0.0302255660473331,2,2,1,50352.6026083214,-6.258307132852733e-05,44.40542997372187,-0.03682390178359729,-1,19.071450142318284,-2.6631109912565956e-05,-0.38210938628829294,0.38210938628829294,9.80661375808513e-07,-1.7922960578169007
2021-01-12 00:00:00,35438.75,35500.83,34301.72,34956.27,94.368599,-0.0137080025031384,2,2,1,50782.72408082576,0.0006411689824392,73.09333162213596,0.00792654796928649,-1,19.373516590057545,3.077129034342154e-05,1.6677117350057358,1.6677117350057358,2.43910108983973e-07,0.6680609284900662
2021-01-12 01:00:00,34936.54,35475.34,33894.41,34277.91,54.192992,-0.0195967283551734,2,2,1,46253.78568706941,-0.0005486997069971,95.27378591936528,-0.11208657991012716,0,17.459342740439585,-5.707140326132846e-05,-1.733673335985121,1.733673335985121,6.396938402233984e-06,-2.257940402220767
2021-01-12 02:00:00,34310.01,34621.28,33702.94,34406.76,48.891956,0.0037519333252031,2,2,1,52036.737761688106,-0.0003036381900763,49.85496720892142,0.018026122548611356,0,19.487460699391463,-4.611661926774096e-05,-0.961994808345243,0.961994808345243,-8.313038304479502e-07,-1.8058957599798304
2021-01-12 03:00:00,34396.33,34994.87,34201.72,34965.2,23.178982,0.0161002244438126,2,2,1,52132.67740046389,0.0004277561020333,33.60137522386299,0.027191906762670692,0,19.813121813417045,-4.0957994026103455e-05,0.998626062262446,0.998626062262446,-1.1137259547438283e-06,-0.7189085434236416
2021-01-12 04:00:00,34993.05,35332.73,34518.59,35308.73,40.813973,0.0097769610001545,2,2,1,49160.87701503407,-0.0002393749919624,31.927601049384347,0.04341967923535295,2,19.13791699186967,-0.00011028495276269096,-0.7510596295440467,0.7510596295440467,-4.788537273442094e-06,-2.511974942875554
2021-01-12 05:00:00,35269.79,35896.59,34981.73,35896.59,31.047231,0.0165120627650008,2,2,1,53105.30251202936,-0.0002518668840766,47.7415951003093,0.07489470273380316,2,21.025651839485,-5.969800744032846e-05,-0.7271682615963572,0.7271682615963572,-4.471064521043769e-06,-2.9812910498999257
2021-01-12 06:00:00,35893.03,36343.34,35717.91,35988.96,26.750347,0.002569919847259,2,2,1,46638.50772223684,6.454041697513576e-05,22.552308822108387,-0.04586444281424129,-1,19.204035370830056,-3.408716787416149e-05,0.12559285884504137,0.12559285884504137,1.5633889616639227e-06,-2.2205670822059482
2021-01-12 07:00:00,35994.78,36600.1,35619.78,36446.85,30.995559,0.0126428102095736,2,2,1,48558.16409056882,0.0001405362346821,22.079537943421546,0.0253155435151593,0,21.113419685414897,-8.697254622833073e-06,0.3788818898684323,0.3788818898684323,-2.2017572786675107e-07,-1.7724201154960284
2021-01-12 08:00:00,36443.02,36501.1,35620.96,35781.27,42.173564,-0.0184304628267568,2,2,1,50329.86188112848,-0.0002994512173367,64.92243873054787,0.015535264777505109,0,22.221580533179132,-0.00012627477959482056,-0.7883724423070638,0.7883724423070638,-1.961712135726637e-06,-2.641162337396907
2021-01-12 09:00:00,35764.86,36161.59,35481.36,35914.84,18.700561,0.0037260084133112,2,2,1,46807.51247335086,0.0001926712480361,27.422167048656625,-0.011155399549182543,-1,20.75086088142391,-3.360341021567057e-05,0.5316749630924305,0.5316749630924305,3.7485946717088756e-07,-0.922465553842799
2021-01-12 10:00:00,35921.2,36138.64,34805.72,35082.23,48.588946,-0.0234558460849978,2,2,1,50850.88194155637,0.0005748222965269,35.0671753590688,-0.008215914337705077,-2,22.825687876262243,7.620415060972943e-05,1.4387636909275507,1.4387636909275507,-6.260867735871132e-07,0.27712088614483665
2021-01-12 11:00:00,35094.69,35823.29,35094.69,35394.88,42.989941,0.0088724424423034,2,2,1,47734.41223437571,0.0001464214531363,62.52150197445909,-0.08440699860428758,0,21.50819776251556,4.103731949760443e-05,0.22653035667367924,0.22653035667367924,-3.4638369695580007e-06,-1.334116708580289
2021-01-12 12:00:00,35401.21,35687.99,34891.59,35009.59,24.078869,-0.0109451529527699,2,2,1,53202.11686946808,-0.0003289146455617,28.01742898309796,0.014906478974689996,-2,24.31410934110421,2.9844862797691935e-05,-1.0167976203944922,1.0167976203944922,4.448818197963025e-07,-2.291330953440556
2021-01-12 13:00:00,35037.03,35406.22,33333.33,33335.0,53.432982,-0.0490141278882454,2,2,1,52924.72173063013,0.0006188401415858,38.96384997325244,0.014613558752174738,-2,26.254934601863365,0.00013868324100549194,1.6019176414103538,1.6019176414103538,2.0266556903757654e-06,0.5015481100804629
2021-01-12 14:00:00,33334.98,34076.17,32600.0,33415.35,65.659333,0.0024074791760266,2,2,1,48308.56653757421,0.0001788810086441,116.15134906910396,-0.0433483578920868,0,24.479020746978037,0.00015297581496411246,0.39254834563307817,0.39254834563307817,-6.631250375897994e-06,-0.492365501594921
2021-01-12 15:00:00,33440.94,34289.23,33440.94,33811.64,55.528311,0.0117897466564134,2,2,1,47849.80676107398,0.0003908369753652,73.8870876107234,-0.03329675363005136,-2,25.243421210877305,0.00018426340754949997,0.9233046449064004,0.9233046449064004,-6.135373284209446e-06,-0.662815506241905
2021-01-12 16:00:00,33831.02,35023.11,33826.11,35009.15,43.101996,0.0348043339918842,2,2,1,45831.717724709495,-4.914784711569608e-05,72.29034166352234,-0.09115952690400175,0,26.805744989415242,0.00021555132882712546,-0.24167134469566504,0.24167134469566504,-1.964955715940967e-05,-2.0685975217925407
2021-01-12 17:00:00,35001.33,35296.52,34552.74,35011.46,25.180076,6.598057345819086e-05,2,2,1,50511.34128595946,0.0001926184269195,35.36322524592016,-0.030248167536946036,0,37.35162654222483,0.00021554472618755046,0.40859363881505295,0.40859363881505295,-6.519832989426186e-06,-0.8680332075331573
2021-01-12 18:00:00,35022.23,35528.69,34824.03,35021.94,25.890773,0.0002992857715948,2,2,1,49430.16332279327,0.0001017410528702,31.799452083383716,-0.05968672973947842,0,39.95225343675925,0.00015640957073046296,0.11055823189691517,0.11055823189691517,-9.335575776856977e-06,-1.2013547223632535
2021-01-12 19:00:00,35021.35,35040.19,34179.63,34677.29,16.687178,-0.0098897164023004,2,2,1,48842.23984137061,-0.0002821397964013,12.567754870204476,-0.004006727531363996,-1,42.015254742194756,0.00010283941453826295,-0.8848187074760304,0.8848187074760304,-4.1204951353981295e-07,-2.146272123790466
2021-01-12 20:00:00,34679.37,34688.09,33727.49,34303.65,24.570504,-0.0108332433326054,2,2,1,48979.128769452975,5.877748724516424e-05,33.74501128980195,-0.013021172292641658,0,42.91942024823701,0.00015130093113912099,0.09968658926129302,0.09968658926129302,-1.970115492399606e-06,-0.36717411300952385
2021-01-12 21:00:00,34269.44,34888.32,33825.7,34726.26,19.826847,0.0122444105748158,2,2,1,49485.36245314346,0.0004766061459254,26.22054147833112,-0.02124551918154094,0,44.99396423978211,0.00013352168168157097,1.2186808977464796,1.2186808977464796,-2.8367374493174193e-06,0.8971104469924458
2021-01-12 22:00:00,34714.28,35049.98,33362.15,33745.92,17.608555,-0.0286366519573118,2,2,1,49556.350286634326,0.0002210515833996,21.94408174689301,0.050809937693173435,0,44.993417536667344,0.00013879300352600846,0.4081340600194316,0.4081340600194316,7.052063861404891e-06,0.7971083720959442
2021-01-12 23:00:00,33730.94,34141.4,33277.97,34041.15,45.339352,0.0087105657962993,2,2,1,45733.646122445454,-0.0001074516796616,67.1390290296384,-0.09173222925149471,0,40.68297882948679,7.650692164765848e-05,-0.5764574959133453,0.5764574959133453,-7.018150475909151e-06,0.20827467323429938
2021-01-13 00:00:00,34044.28,34044.28,32403.05,32483.55,82.864799,-0.0468362795678594,2,2,1,48966.79263890643,0.0003114905407191,136.06814131111318,-0.03575884269282392,0,41.248332524513,0.00012158672012700799,0.7670314965660795,0.7670314965660795,-4.347800398558087e-06,2.1367866624330447
2021-01-13 01:00:00,32500.58,33255.0,32500.58,33141.59,45.994641,0.0200551817710454,2,2,1,49232.12242528114,-6.833233115225501e-05,79.04770535470314,0.06439119942228522,-2,42.04654929009026,8.896787536803861e-05,-0.5518104743824397,0.5518104743824397,5.728748205000391e-06,0.26361427469809795
2021-01-13 02:00:00,33112.87,33551.82,32527.82,33019.13,48.174178,-0.0037018986446888,2,2,1,49599.9496315585,-0.0004149844928915,35.711685538310014,-0.04682822626755223,-2,42.878623126632554,2.437718214782612e-05,-1.6975849704376234,1.6975849704376234,-1.1415402013837364e-06,-0.6013198917097797
2021-01-13 03:00:00,33034.66,34381.8,32989.38,33806.59,70.25521,0.0235686634221163,2,2,1,44789.48999915724,-7.3967533787245e-05,124.96646791796066,-0.14085575050939758,0,35.885636365003144,5.0398714974582984e-05,-0.4828640919821021,0.4828640919821021,-7.0989488224541005e-06,0.5142776759620131
2021-01-13 04:00:00,33823.08,33939.38,33097.25,33184.71,29.726308,-0.0185665262272607,2,2,1,51155.97538539162,0.0001250919979836,47.12477441357973,0.04058305082204727,-2,40.493455277990215,5.868802881688746e-05,0.1612033654712929,0.1612033654712929,2.381739256121519e-06,1.7357498993961453
2021-01-13 05:00:00,33191.31,33529.8,32807.51,33303.48,29.592825,0.0035726683590358,2,2,1,50324.89632420507,0.000184842369344,35.400050143428075,-0.05235647018853684,0,40.22859965447556,2.221755674421246e-05,0.3191910497421639,0.3191910497421639,-1.1632328473404852e-06,1.998107201092744
2021-01-13 06:00:00,33324.58,34220.84,33215.76,33795.83,25.184763,0.0146755260661723,2,2,1,55456.06130202858,0.0006499581710198,30.18342992665436,0.18906165763935046,0,44.061556474392354,7.583088019673745e-05,1.7948388913479871,1.7948388913479871,1.4336711910246175e-05,3.117964756526562
2021-01-13 07:00:00,33779.37,35162.7,33671.2,34973.46,34.380446,0.0342520660342362,2,2,1,47797.84457405667,0.0001463997248909,54.78132686049242,-0.01565791315944387,-1,37.01511796719361,0.00010756230576579995,0.0803818690268015,0.0803818690268015,-1.6842012429104443e-06,0.9291193428239306
2021-01-13 08:00:00,34971.33,35059.57,33891.36,34524.89,65.871033,-0.0129089749378472,2,2,1,48798.944947927776,0.0004928941817497,94.725858880145,-0.03041766609287544,0,36.93785204517872,0.00013023776089462498,1.1670823930844172,1.1670823930844172,-3.9615287235764536e-06,1.858334867845163
2021-01-13 09:00:00,34522.81,35094.61,34227.4,34365.52,23.030946,-0.0046267770594941,2,2,1,49590.129680122016,0.0001138537405511,29.31043406990327,0.05944808984146288,0,37.48315624467023,0.00015301101985754434,-0.13381967851375628,0.13381967851375628,9.096212855225157e-06,0.6624592911901502
2021-01-13 10:00:00,34344.96,35061.33,34344.96,34939.41,30.049207,0.0165616823391427,2,2,1,51932.44460296481,0.0007811648551745,35.24879283529964,0.021269299963204036,0,39.24822866327326,0.00030252968836579433,2.035584253341663,2.035584253341663,6.434594689626718e-06,2.0835528579872027
2021-01-13 11:00:00,34959.17,35246.77,34247.66,34385.05,41.39057,-0.0159935415797178,2,2,1,49467.97900885633,0.0007475461283699,31.949400185964944,0.03631691882930954,-1,38.269923163845654,0.00040521889613543744,1.715621737832113,1.715621737832113,1.4716301759053095e-05,2.1857131770980383
2021-01-13 12:00:00,34384.35,34503.76,34057.89,34269.3,18.711893,-0.0033719672438721,2,2,1,52741.49385893591,0.0002107265828241,16.04893080003125,-0.008657982757759752,-1,41.183741316427486,0.00041592321924049995,0.00677679398587021,0.00677679398587021,-3.601056060736178e-06,0.2996412704842795
2021-01-13 13:00:00,34264.63,34787.48,34061.19,34563.85,21.115676,0.0085584285449389,2,2,1,50371.44071242416,0.0005335381203169,16.27037847157228,-0.04824363614420779,0,40.042633557003356,0.00045951018811211247,1.0811189252674076,1.0811189252674076,-2.216844231983723e-05,0.27127795561204093
2021-01-13 14:00:00,34579.12,35121.27,34212.27,34242.59,30.161913,-0.0093381472580915,2,2,1,51486.009994117245,-0.0001843047531426,23.75259950601453,0.06577391308168146,0,44.17327832019184,0.0003552273225918125,-1.191725319913979,1.191725319913979,2.3364691040392293e-05,-1.7491456918922281
2021-01-13 15:00:00,34261.15,35280.27,34209.29,34664.85,52.587452,0.012256014317824,2,2,1,51211.096763065485,-0.0002212717677376,57.86533021057074,0.0702466787123146,2,44.54979941735449,0.00030926838601325,-1.198695433397239,1.198695433397239,2.172507694814886e-05,-1.826705751071711
2021-01-13 16:00:00,34670.68,34913.59,34391.3,34775.84,18.959509,0.0031966875477618,2,2,1,46466.29450783741,2.50202856878406e-05,33.25951922959226,0.013845799691373895,1,41.84290756790268,0.00025078414900551755,-0.4453736051258718,0.4453736051258718,3.4723070929020597e-06,-0.5390790155506993
2021-01-13 17:00:00,34789.17,35002.43,34651.74,34818.59,16.549075,0.0012285467494166,2,2,1,52394.66327614905,-0.0004600000816011,29.477343735372468,0.037285131264433335,0,47.43280999603802,0.00017905242123649254,-1.7423780210480713,1.7423780210480713,6.6759930290172356e-06,-1.9432124138279732
2021-01-13 18:00:00,34824.53,35914.45,34740.04,35732.56,25.088214,0.025910878392203,2,2,1,52433.67240107043,0.0001348632631711,37.63331484245265,0.06076267761171206,0,47.21874442601076,9.826472223606752e-05,-0.01991701590152859,0.01991701590152859,5.970827637834604e-06,-0.9845770847342719
2021-01-13 19:00:00,35732.14,36185.88,35598.81,36013.83,26.178858,0.0078407134062956,2,2,1,50678.06225779312,0.0002130552060059,25.13827556070239,0.037586777805130867,2,45.12689370535701,3.145335694056753e-05,0.1524333674329146,0.1524333674329146,1.1822303385505825e-06,-1.4730007414316955
2021-01-13 20:00:00,36007.57,36450.0,35721.19,36246.86,37.899349,0.006449725509583,2,2,1,49330.56470205639,0.0002028728035155,40.2883057055874,0.007175218127248417,0,43.672537730260224,3.047163452699253e-05,0.10396965449726335,0.10396965449726335,2.1864062442496555e-07,-1.8795348966812773
2021-01-13 21:00:00,36225.2,37451.43,36120.98,37275.11,27.77789,0.0279730548267789,2,2,1,49188.79702773429,0.0002306266683467,38.18900672682083,-0.005992992891382443,-1,43.09045551566167,-7.3922969692824675e-06,0.22260895485204715,0.22260895485204715,4.43019831878978e-08,-1.9373293894137233
2021-01-13 22:00:00,37296.29,37805.88,36892.35,37189.49,29.6572,-0.0022996172068765,2,2,1,49379.05642433451,0.0003776402358354,23.156906070350757,-0.003577621460707836,0,43.21121667344094,6.285082665296752e-05,0.6481751124301034,0.6481751124301034,-2.2485646625688467e-07,-1.7208871130532513
2021-01-13 23:00:00,37227.77,37590.27,37007.57,37351.77,12.427118,0.0043541055350679,2,2,1,49736.75519341128,-7.55279479113143e-05,13.81025738641446,0.08753094079243229,-1,45.65483678597984,8.106880413125323e-05,-0.7373099361210261,0.7373099361210261,7.096028694526017e-06,-2.7042208270355292
2021-01-14 00:00:00,37329.13,38168.42,37329.13,37756.77,45.255207,0.0107844973500768,2,2,1,50459.387466142914,-9.17071652986335e-05,42.3201792194997,0.030481776461106058,0,50.679321857577015,6.647787275794398e-05,-0.7297517490750469,0.7297517490750469,2.0263636570175005e-06,-3.361065222174222
2021-01-14 01:00:00,37776.46,37793.41,37375.6,37459.86,17.642446,-0.0078948376751348,2,2,1,52938.25746151273,0.0007466679854796,26.071684019692544,0.07527879875291466,2,56.15693413229247,0.00021731138114303148,1.6186525092723867,1.6186525092723867,1.63589397277842e-05,-0.21834482795390686
2021-01-14 02:00:00,37453.29,37708.27,37062.32,37436.78,11.169075,-0.0006163160518433,2,2,1,48815.73616240617,0.0002649314828917,15.345121159493193,-0.015810771482182462,-1,52.92724709068433,0.0002335699086081065,0.16494462613318406,0.16494462613318406,-3.692920450117014e-06,-1.5215364113169798
2021-01-14 03:00:00,37472.24,37490.57,37002.47,37072.25,16.00346,-0.0097849323360161,2,2,1,48525.003646460376,-0.0001026348082972,26.548737449896265,0.08340156691610967,1,58.89671823631414,0.00019410865682021897,-0.9616944360762917,0.9616944360762917,1.618896613078766e-05,-2.0033064799681304
2021-01-14 04:00:00,37034.38,37508.25,36766.07,37508.25,17.33162,0.0116921974786219,2,2,1,51801.039764369474,0.0002290029238651,18.710599407775597,0.01260975622335736,0,65.11874996413107,0.00019737492186391897,0.044365909693740185,0.044365909693740185,2.488849649308225e-06,-1.3631290668908893
2021-01-14 05:00:00,37575.75,37799.82,37286.72,37531.22,11.088174,0.0006122111661355,2,2,1,49980.1724359588,-0.0003217658763837,9.17777837264345,-0.006849967181759786,0,64.97145873308823,0.00012832585377261897,-1.5028582546753515,1.5028582546753515,-8.790278869137452e-07,-2.765416421821543
2021-01-14 06:00:00,37544.89,38108.01,37437.4,37812.44,14.801447,0.0074650290668927,2,2,1,52597.02920167485,0.0002843481280338,17.82845866832829,-0.05155490731270429,0,69.48927970231689,0.00011666434029741898,0.3219611869628431,0.3219611869628431,-6.014619250731228e-06,-0.7401633246584609
2021-01-14 07:00:00,37838.12,38583.91,37708.62,38251.62,20.394692,0.011547763303918,2,2,1,50550.01081182087,3.647702133095109e-05,30.54163819941313,0.05757929593457023,0,68.99434957906405,0.00013066496145270216,-0.41476277560553565,0.41476277560553565,7.523596483764349e-06,-1.0281747523204816
2021-01-14 08:00:00,38226.72,38780.01,38208.17,38359.69,17.146216,0.0028212563309999,2,2,1,48944.73803667079,5.466498562843979e-05,29.981195800609463,0.0029876278861886707,2,73.27888245827496,0.00014896148031858634,-0.31053743437532005,0.31053743437532005,4.450414725677534e-07,-1.1298885441199638
2021-01-14 09:00:00,38372.32,38463.02,37870.33,37942.72,11.578065,-0.0109295145652588,2,2,1,48215.47532009503,-0.0004985981930324,18.816817082702126,-0.027720321944994075,-1,73.33926573061422,-6.696791995413687e-06,-1.791391809106105,1.791391809106105,1.856372301115267e-07,-2.433877995353206
2021-01-14 10:00:00,37944.66,38506.24,37880.84,38445.13,4.634484,0.0131543758498509,2,2,1,50082.067489049645,-0.0001659474893429,6.888820345569783,-0.03563046430919459,-1,79.61279327911748,-6.055666352473869e-05,-0.7843973572308499,0.7843973572308499,2.1576620384021076e-06,-1.3006386029410457
2021-01-14 11:00:00,38508.83,38607.09,38073.35,38375.76,8.109772,-0.0018060196609379,2,2,1,50369.454818625,-0.0001424147454022,9.139962776005785,0.018223421045910904,0,83.08210731585282,-6.552915566286369e-05,-0.6562839437172702,0.6562839437172702,-1.1941653944274018e-06,-1.3960345955339428
2021-01-14 12:00:00,38365.16,38419.8,37703.85,38247.71,7.98696,-0.0033423210722514,2,2,1,53028.072800119095,-0.0001446388097956,6.513122193708763,0.005433652333581618,0,88.8651246505241,-0.00011223437237045117,-0.6127291538504817,0.6127291538504817,-6.098425593387703e-07,-1.2950119686764858
2021-01-14 13:00:00,38252.91,39007.92,38174.13,38993.57,17.367762,0.0193130715426637,2,2,1,50582.4963942016,-8.800925095678686e-05,19.96086612114026,0.004189987000418949,0,84.2457727495383,-8.301479419208704e-05,-0.3587401299346993,0.3587401299346993,-3.4783090850729917e-07,-1.2181569825454681
2021-01-14 14:00:00,38982.6,39750.0,38794.23,39573.59,33.593431,0.0147652158370572,2,2,1,51568.36341653208,-0.0001712259852133,46.76390842374647,0.0015995300941797908,2,82.71754530324161,-0.00013996155834797454,-0.6581970638619112,0.6581970638619112,-2.23872724605886e-07,-1.9807814595150819
2021-01-14 15:00:00,39553.99,40100.54,39340.71,39560.86,32.304377,-0.0003217309303291,2,2,1,49381.36222716004,-0.0001375193971537,24.358620863235785,-0.03572925892157597,2,83.70851208456243,-0.00016171111065855592,-0.5553762135005693,0.5553762135005693,5.777818143215168e-06,-1.4982752513170494
2021-01-14 16:00:00,39564.37,40000.0,39231.3,39305.64,17.015614,-0.0064722256198397,2,2,1,49002.00355795263,6.743359648164252e-05,28.21746395585985,0.05457093312417083,0,83.78152602518107,-0.0001601150343019056,0.17633957334412403,0.17633957334412403,-8.737626829063608e-06,-0.4809894721084487
2021-01-14 17:00:00,39306.41,39877.8,39300.44,39447.33,11.136,0.003598344364267,2,2,1,49101.19834110269,0.0007806106296667,9.72846122102632,-0.06285878616468943,0,86.88486126535778,-2.13931464518072e-07,2.3721534542785534,2.3721534542785534,1.3447472182040332e-08,1.6748017002244016
2021-01-14 18:00:00,39428.19,39619.6,39264.64,39342.43,10.224974,-0.0026627841481445,2,2,1,51018.840877188144,-0.0001983457814091,7.25659363296411,-0.026983262073655534,0,95.40640600790856,-4.263717972793072e-06,-0.8373079239939021,0.8373079239939021,1.1504901946803076e-07,-0.4406902856069194
2021-01-14 19:00:00,39333.63,39911.1,39333.63,39886.41,15.757324,0.0137320841292538,2,2,1,47267.2004630749,0.0002546996787249,22.501783525191257,-0.06730450302869873,0,88.82870436390004,4.537558504309443e-05,0.644722430315036,0.644722430315036,-3.0539812009619257e-06,0.966894438526104
2021-01-14 20:00:00,39861.85,39925.54,39311.97,39317.54,14.456245,-0.0143649346332832,2,2,1,52716.46369362319,0.0003988370239069,19.26831769848998,0.06863693963401274,0,103.14389609268841,0.00011331006425590694,1.0672892503881517,1.0672892503881517,7.777256040258789e-06,2.5340581352157936
2021-01-14 21:00:00,39331.39,39449.51,38250.03,38849.86,30.161231,-0.0119662565373488,2,2,1,51064.37264843188,-6.853265163118923e-05,44.12343155588908,0.03813013804017373,-2,98.76467715463545,0.00011574463917160664,-0.3931997040755175,0.3931997040755175,4.4133590690234616e-06,2.522759653081569
2021-01-14 22:00:00,38787.87,39126.86,38378.59,38999.83,15.396127,0.0038528139422275,2,2,1,51801.66519648597,0.0003554423188637,19.19394666912363,0.049061463453918375,0,100.96456775241403,0.00018157817718123163,0.9768515597257815,0.9768515597257815,8.90849110380611e-06,3.2419107132813294
2021-01-14 23:00:00,38980.43,39321.44,38764.28,39175.88,6.960794,0.0045039641496806,2,2,1,51062.13235390346,0.0002952326916051,7.374118576557761,0.026647841326563837,0,100.78749457955885,0.00023567218827608166,0.726680466619619,0.726680466619619,6.280155078265102e-06,2.721558922334854
2021-01-15 00:00:00,39138.66,39723.34,39022.04,39434.71,13.119244,0.0065851416539839,2,2,1,52119.4627141302,0.0003544071415127,16.949365525371526,0.03289923503532721,2,108.29774891241456,0.0002715438814049638,0.8475713379162435,0.8475713379162435,8.933585976746922e-06,2.7748339100094883
2021-01-15 01:00:00,39434.71,39649.72,38978.78,39159.01,8.71642,-0.0070158565055855,2,2,1,45362.50786618097,0.0001484324058607,9.504918498534058,-0.14310538273458473,1,97.61800928682051,0.0001925216034292138,0.3055176948492651,0.3055176948492651,-2.755087774341358e-05,1.995695187799354
2021-01-15 02:00:00,39183.73,39486.96,38824.02,39276.83,9.037997,0.0030042411381074,2,2,1,50024.01683342754,-0.0004099859191843,12.059887865496854,0.02475186827054121,1,108.41582403514043,0.00016606658620731382,-1.5014886587127445,1.5014886587127445,4.110458265941908e-06,-0.06990389019350007
2021-01-15 03:00:00,39240.51,39347.78,38430.73,38744.77,20.824061,-0.0136389986335174,2,2,1,50024.258980834085,0.0001564426097124,23.584748729742405,0.030896552740044436,1,109.1172943297074,0.00015378445258075132,0.37923782722363786,0.37923782722363786,4.751409449760046e-06,1.7960579906986813
2021-01-15 04:00:00,38706.49,38814.05,38341.7,38426.24,13.628888,-0.0082552193873581,2,2,1,47956.68943380778,-0.0002690265846159,11.04790080138848,-0.07421376767819188,1,106.38551652887044,7.030150151540131e-05,-0.9792870132222824,0.9792870132222824,-5.2173393008920475e-06,0.7808416727326355
2021-01-15 05:00:00,38422.99,38861.8,37793.48,37793.48,17.831534,-0.0166039585855966,2,2,1,49735.776395798464,-0.0001575340110293,31.555560250111807,-0.004889859883406511,0,105.11409663382743,5.917633159063747e-05,-0.6431597802405489,0.6431597802405489,-2.893639698922196e-07,1.2911595912158702
2021-01-15 06:00:00,37793.94,38095.16,37562.0,38032.99,16.902009,0.0063173400145242,2,2,1,49020.66578362198,0.0002515417669769,14.569611885147411,-0.06799554028688348,1,104.32124914641707,4.6188762604787464e-05,0.7627573231213215,0.7627573231213215,-3.1406298684951233e-06,2.5026919755037307
2021-01-15 07:00:00,38048.78,38506.02,37712.13,38459.74,12.999002,0.0111580388773475,2,2,1,46679.68430260783,-2.4541137627584985e-05,15.85807291581764,-0.0765643062594159,-2,102.54369530854166,6.217033950701842e-06,-0.17580846198575634,0.17580846198575634,-4.760028914267222e-07,1.3958407385380278
2021-01-15 08:00:00,38459.74,38654.16,38152.11,38266.42,14.60137,-0.005039230663824,2,2,1,48322.407952057096,0.0003047018951283,11.943011008296468,-0.012714953835229914,1,110.5322384026024,3.8781526518388886e-09,0.9006700240064868,0.9006700240064868,-4.931053193410594e-11,2.462841707263829
2021-01-15 09:00:00,38280.3,38717.56,38008.53,38683.05,19.403497,0.0108287703928375,2,2,1,50497.80001771552,-0.0001285096290058,30.76996464183413,0.04733593690549531,-2,112.43409138957884,-3.4613876205660655e-05,-0.6537634817428284,0.6537634817428284,-1.6384802601257783e-06,0.3730301749075178
2021-01-15 10:00:00,38675.53,38787.86,38336.92,38438.42,5.062949,-0.0063440393567368,2,2,1,53814.43998204644,0.0001974135785571,7.472180117902524,0.07452512805732048,0,119.66321319884233,4.131106101201434e-05,0.472652401574378,0.472652401574378,3.078712112104148e-06,1.7685387791690994
2021-01-15 11:00:00,38431.92,38551.37,37911.32,38095.99,10.249142,-0.0089484529899266,2,2,1,52829.30849181649,0.0004443083821862,9.329201476301437,0.04883621794298065,0,117.42323749084203,7.729428257123934e-05,1.2534424597585732,1.2534424597585732,3.7747604293953753e-06,2.5625430787795485
2021-01-15 12:00:00,38122.18,38207.86,37201.21,37790.77,20.934944,-0.0080441343351242,2,2,1,50692.58564826784,0.0001943354138184,16.546420340548,-0.0440424671033115,-2,110.21604298475641,0.00013521453237552684,0.31787950878383847,0.31787950878383847,-5.955181594038788e-06,1.5969254926411593
2021-01-15 13:00:00,37771.73,37884.09,37272.72,37702.63,17.861518,-0.0023350396206289,2,2,1,49677.74657317916,0.0001113220802208,18.841590677038973,-0.01788661860362728,-2,108.27306153122271,0.00016882154378178933,-0.011896929347869144,0.011896929347869144,-3.0196465657004303e-06,1.5191127498806847
2021-01-15 14:00:00,37702.63,37779.81,36650.14,36945.48,19.524845,-0.0202865408519272,2,2,1,49796.90371726965,-0.0002037137704392,22.953275146090437,-0.03435167575425757,-2,114.47341768769975,0.00011191460160477683,-1.1505644979413527,1.1505644979413527,-3.844454106494208e-06,0.8263713606368284
2021-01-15 15:00:00,36935.55,36991.23,35266.91,35605.76,65.802514,-0.0369358899190928,2,2,1,50488.83730186369,0.0001678844847816,81.00539676120012,0.02242698509630281,0,102.69155068650679,0.00013596780440592498,0.15508253672972586,0.15508253672972586,3.0493479229886947e-06,2.4515828428719817
2021-01-15 16:00:00,35604.06,36346.98,34444.39,36150.88,92.095223,0.0151938688007522,2,2,1,50486.55554877726,0.0002395310556442,85.52683319097625,0.03029574064392926,0,91.96687039404735,0.00012782144947041246,0.39258016170372395,0.39258016170372395,3.872445481886725e-06,2.182583943094364
2021-01-15 17:00:00,36145.01,36145.01,35357.17,35978.78,37.014854,-0.0047719711027092,2,2,1,48518.356467279205,0.0002300890365761,50.14365499608041,-0.011870216889097507,0,82.32103913258976,0.00017264628266814994,0.5108152169578577,0.5108152169578577,-2.0493488203673756e-06,2.305217564866745
2021-01-15 18:00:00,35946.35,36464.61,34840.02,35378.76,25.560965,-0.0168176801532968,2,2,1,50169.29396251516,-0.0003691250874737,32.66524361346476,-0.01665163104583267,0,81.60416004382854,0.00010182894941429999,-1.913491640572097,1.913491640572097,-1.6956180954316823e-06,-0.07955356177026651
2021-01-15 19:00:00,35416.44,35921.28,35154.58,35198.95,30.509008,-0.0050953874540091,2,2,1,53461.5963080205,0.0002764464732052,52.04399807293819,0.1310506182777771,-2,82.97230036140323,8.084621079167497e-05,0.69716161700087,0.69716161700087,1.0594945909664499e-05,2.637838854802069
2021-01-15 20:00:00,35199.17,35760.21,34800.0,35613.27,34.60775,0.0117020685982183,2,2,1,51556.940372477766,-0.0003562513255728,26.209600904897325,-0.02199546858613899,-2,79.16346101136068,1.2022868367774972e-05,-1.6740650685624492,1.6740650685624492,-2.644486234986785e-07,-0.2515917569563628
2021-01-15 21:00:00,35601.83,36426.61,35557.35,36235.92,17.125526,0.0173325708435001,2,2,1,49980.51537173272,-4.299959969226553e-05,28.23672904973624,-0.02122531268838468,-1,78.66175176413769,-7.267341621358216e-06,-0.45615591859891513,0.45615591859891513,1.5425159832664062e-07,0.4173267726645157
2021-01-15 22:00:00,36235.88,36880.07,35984.76,36594.27,16.793404,0.0098407787184804,2,2,1,52623.88404152475,0.0005212118225912,20.31014757635749,0.015872440430632295,0,82.67677234403111,8.334835750744177e-05,1.659638455255621,1.659638455255621,1.3229418395279136e-06,2.3677542986855116
2021-01-15 23:00:00,36601.89,36899.9,36388.73,36732.12,13.921245,0.0037599058782937,2,2,1,48574.56941470991,8.790726681422864e-05,10.434769724426571,-0.048716393627133425,0,75.94973286784332,7.335120526152036e-05,0.06139645085575451,0.06139645085575451,-3.573406188544886e-06,0.717305429825543
2021-01-16 00:00:00,36734.73,37471.96,36722.1,37163.95,27.37298,0.0116876287379721,2,2,1,52139.07848762655,-2.511817300816076e-05,30.9407055402143,0.0003763617749465986,0,79.77783696044916,4.027005167997526e-05,-0.3180121801832111,0.3180121801832111,1.5156108127466744e-08,0.18799025146630233
2021-01-16 01:00:00,37166.18,37650.0,36910.0,37006.21,18.182702,-0.0042534689912834,2,2,1,51074.09484637397,-5.874823112991618e-05,17.18249514773645,0.1259098592397523,-1,77.2409261103474,4.165393216723236e-06,-0.415578068785552,0.415578068785552,5.244640735958415e-07,-0.021336538756804357
2021-01-16 02:00:00,37004.47,37240.43,36062.42,36213.84,38.092312,-0.0216443701909909,2,2,1,49475.13420923805,0.0004110703293305,59.81213156334671,-0.010972382046351536,0,69.78322071608079,0.00010168982031724823,1.337531805087425,1.337531805087425,-1.1157795587456881e-06,2.13150297386591
2021-01-16 03:00:00,36223.45,36653.18,35985.77,36530.18,16.102254,0.0086974020440582,2,2,1,50200.02979462098,-9.06947679281182e-05,27.496682419469064,0.003513711494541827,0,70.41712632709522,5.5797165175583465e-05,-0.6526927083224286,0.6526927083224286,1.9605514064029655e-07,-0.37107826819794354
2021-01-16 04:00:00,36541.21,36690.73,36132.52,36566.7,11.888691,0.0009992219377519,2,2,1,47624.05428428588,0.0003051518441397,15.211430819045429,-0.0069361574672709425,1,66.41583703489489,0.00013847256138964598,0.8689765112527538,0.8689765112527538,-9.60467490694927e-07,0.8789410896050381
2021-01-16 05:00:00,36594.6,36641.31,35533.88,35867.96,16.517206,-0.0192935723006861,2,2,1,49976.121520665496,8.263570708408848e-05,14.479274214000744,0.004832439388386289,-2,71.39625219723024,0.00015417697473669022,-0.095984210313636,0.095984210313636,7.450508854998196e-07,-0.08194274053101619
2021-01-16 06:00:00,35863.56,36386.33,35834.2,36128.47,11.620167,0.0072367792938958,2,2,1,48442.00884269441,-1.933829227431755e-05,11.622994249295363,-0.011804346833675594,1,69.49716004988366,8.660821037850052e-05,-0.4826986393259386,0.4826986393259386,-1.0223533539517623e-06,-0.5541439723497097
2021-01-16 07:00:00,36110.67,36965.9,36078.94,36588.61,19.260638,0.012655792605182,2,2,1,45172.83543850785,0.0004858225086367,16.511030019322586,-0.03228061386044545,1,64.74639975029304,0.00013634761560630946,1.5044187576107022,1.5044187576107022,-4.401384730179722e-06,1.3237719881671088
2021-01-16 08:00:00,36571.97,37500.0,36364.31,37453.68,16.103877,0.0233679796999943,2,2,1,50045.795119697344,8.56555924820211e-05,16.742582919553097,0.03566434788080297,0,71.24074914244511,0.00015019433629258217,-0.08409607638507793,0.08409607638507793,5.356583059264961e-06,-1.0989950726411626
2021-01-16 09:00:00,37459.29,37650.0,37195.77,37428.41,15.132005,-0.0006749277686903,2,2,1,52836.04444787432,8.318639857597397e-05,25.711023269945866,0.04630388708693256,0,75.75827039746677,0.00016793616500581843,-0.13334250831174094,0.13334250831174094,7.776097222241891e-06,-0.969517098960109
2021-01-16 10:00:00,37449.22,37948.26,37286.78,37402.14,9.758001,-0.0007021196845187,2,2,1,48832.31201812226,6.880601903194484e-06,15.559348751889232,-0.09257976048038985,2,69.21497631097343,0.00011741244907740526,-0.4201120260885162,0.4201120260885162,-1.087001641300215e-05,-1.5371310163256615
2021-01-16 11:00:00,37412.36,37836.62,37184.4,37671.23,12.691128,0.0071687511137223,2,2,1,49872.1731794141,0.0001762204646327,14.560385145158904,-0.055975279571574554,0,70.16859862379503,0.00015077685314750754,0.3529796098461181,0.3529796098461181,-8.439776507853975e-06,-1.337226972402914
2021-01-16 12:00:00,37676.76,37891.84,36775.85,37353.84,12.83278,-0.008460955609495,2,2,1,49936.74888580568,0.0002449615356797,10.046085646919416,-0.014910203391607535,0,70.90796248295162,0.00014325306459000753,0.6421269172930177,0.6421269172930177,-2.1359323295081033e-06,-1.0313791788242486
2021-01-16 13:00:00,37369.44,37688.35,37079.92,37131.74,20.083881,-0.0059635880726727,2,2,1,51194.75593664425,-0.0003297536834651,25.12466661166761,0.03053700032932083,2,72.05145590784511,9.170439077135897e-05,-1.6704840494268658,1.6704840494268658,2.800377011185155e-06,-3.1434287500020788
2021-01-16 14:00:00,37141.95,37339.14,36688.66,37229.75,10.737634,0.0026360433808871,2,2,1,47623.39895626563,0.0003587587018523,9.733080362000187,-0.043647387663788506,1,68.29584992552086,0.00013896651503718618,1.0498489582044201,1.0498489582044201,-6.06552535411376e-06,-0.9036338633788654
2021-01-16 15:00:00,37228.69,37698.13,37000.8,37457.7,15.78136,0.0061041234582379,2,2,1,52088.28370724443,0.0002712930006348,17.94394463460844,0.03167920853114392,-1,82.12594261127916,0.00011215032653694867,0.6674062546074503,0.6674062546074503,3.552833581199881e-06,-2.0189632257790047
2021-01-16 16:00:00,37460.78,37716.66,36927.69,37200.54,16.39488,-0.0068890190027683,2,2,1,48378.0550590854,-0.0001409749672667,12.97489631768835,-0.0417636035331177,1,86.12839936251072,8.382150656835853e-05,-0.9330075419516094,0.9330075419516094,-3.500688167869547e-06,-2.761847663285044
2021-01-16 17:00:00,37222.45,37290.41,36818.34,36847.77,9.710177,-0.0095281761023731,2,2,1,49852.75920737473,1.4649423892543193e-05,13.78287792701454,0.027503049098446697,1,94.89688007798253,7.525438473292969e-05,-0.2736678374957813,0.2736678374957813,2.0697250381831627e-06,-1.8178168501372338
2021-01-16 18:00:00,36847.77,37156.4,36415.81,36463.81,18.396992,-0.0104748393293423,2,2,1,50516.17899521503,0.0003261659228249,17.53003155046498,0.006914289703958021,-2,99.01232585777429,0.00011516504984814287,0.9222064400888416,0.9222064400888416,7.962845184208265e-07,-0.6366105854664811
2021-01-16 19:00:00,36463.81,36610.0,36207.32,36369.3,15.124971,-0.0025952496892198,2,2,1,50409.97803555192,2.2898374391816577e-06,19.132445573820256,-0.05708056779462012,1,105.61722566377557,9.342372144895309e-05,-0.42274828530672665,0.42274828530672665,-5.3326790657926725e-06,-1.9575284922117862
2021-01-16 20:00:00,36378.65,36792.16,36232.53,36715.14,7.222417,0.0094641918698492,2,2,1,47790.24685302882,-5.676166278925433e-05,11.791166146294543,-0.07305890326765185,-2,103.24745896374182,5.570832164033378e-05,-0.7953683962314517,0.7953683962314517,-4.069988881924382e-06,-2.171163213132984
2021-01-16 21:00:00,36713.39,36716.86,35712.27,35932.82,19.873944,-0.0215381200612299,2,2,1,47383.12075534122,0.0004756051671281,15.02311339132796,-0.05196814392715332,1,105.37607140370184,0.0001563781779644838,1.5354650146017226,1.5354650146017226,-8.12668365952429e-06,1.2195007846497619
2021-01-16 22:00:00,35896.55,36174.21,35350.0,36095.59,12.799235,0.0045196132213334,2,2,1,51046.57166973451,-0.0001030819930591,22.16259642456842,-0.029973317259243015,-2,113.05751586420467,9.864809110055879e-05,-0.9987969421569177,0.9987969421569177,-2.956810531575756e-06,-1.127028464630864
2021-01-16 23:00:00,36134.76,36465.06,35894.19,35982.21,14.301489,-0.0031460475629376,2,2,1,48935.33846233261,0.0001024586185853,14.835547481930384,0.007427117769024383,0,107.33539715491607,7.754379334437129e-05,-0.029436188161760468,0.029436188161760468,5.759268854255347e-07,0.07659901048241607
2021-01-17 00:00:00,35982.2,36484.05,35535.51,36399.19,18.461263,0.0115218719989904,2,2,1,50206.04155457437,0.0007729237648536,27.979482316861677,-0.03707462788225013,0,110.84251620274118,0.00019178113485940877,2.535573213392543,2.535573213392543,-7.110214209748209e-06,2.693924061828549
2021-01-17 01:00:00,36395.5,36735.99,36178.16,36717.0,9.410075,0.0086933414204644,2,2,1,48049.208884833366,-0.0001268121904426,16.02719819990472,-0.05922544434001564,-1,106.35202589647045,0.0001740984330675159,-1.0568091901650873,1.0568091901650873,-1.0311057057324103e-05,-1.214111698400557
2021-01-17 02:00:00,36717.0,36734.82,36223.53,36426.1,8.610386,-0.0079543124039016,2,2,1,49874.51059211144,0.0004383047773443,13.270503892675912,0.008072264770103699,-2,123.07024470139281,0.0001881157898824409,1.1783791154133074,1.1783791154133074,1.5185204633682575e-06,0.6773424239272673
2021-01-17 03:00:00,36411.22,36532.54,36000.0,36189.17,6.100306,-0.0065256478640538,2,2,1,47811.96062236167,1.4501417998179896e-05,5.765488985295545,-0.04757107081468703,0,124.66575840979318,0.00018964223745231566,-0.5211458107055792,0.5211458107055792,-9.021484307299802e-06,-0.46268172295467674
2021-01-17 04:00:00,36161.61,36378.05,35818.72,35848.54,7.076017,-0.0094570618280922,2,2,1,54274.20600768696,0.000278474958148,11.318913082951692,0.13963850460323735,0,142.9665599030151,0.00023154681506947243,0.5421017038948448,0.5421017038948448,3.233285100194347e-05,1.0135921082553736
2021-01-17 05:00:00,35818.68,35992.96,35481.5,35558.41,14.299615,-0.0081261444870772,2,2,1,50305.81537518012,0.0002940278901888,15.483206925310208,0.0065970276300511,-2,132.1637034675366,0.00020884965545205994,0.5658108650559946,0.5658108650559946,1.3777869475438919e-06,0.7160735526980246
2021-01-17 06:00:00,35537.22,35737.12,35047.19,35395.8,24.892214,-0.0045835274520165,2,2,1,50063.26757368401,0.0003315468719525,29.431146495267384,0.033468032596548625,0,125.6479565827701,0.00026317826357850996,0.6577977927377603,0.6577977927377603,8.808058704148638e-06,1.3373834272149139
2021-01-17 07:00:00,35385.55,35533.74,34527.12,34774.09,26.058362,-0.0177205997903548,2,2,1,51305.98447524656,0.00033958465574,18.67708321749454,0.1357707342743084,-2,128.0706730877478,0.0002928190182228475,0.7330218757908191,0.7330218757908191,3.97562531135981e-05,2.5873365825571066
2021-01-17 08:00:00,34753.72,34840.96,34311.0,34713.08,19.181292,-0.0017560080710534,2,2,1,49668.38179664031,-0.0005784658792165,17.059845532974006,-0.00754135931209321,0,123.88475658228397,0.00012389531271408494,-2.482378070176714,2.482378070176714,-9.343390702610647e-07,-0.11124852241666128
2021-01-17 09:00:00,34723.62,35186.95,34015.15,34168.91,21.245804,-0.0158003948802498,2,2,1,50796.2131904892,0.0003951934781004,23.519770997937847,-0.03860681242702657,-2,127.3941093576146,0.00018914602128195995,0.8547505153735538,0.8547505153735538,-7.3023249649510036e-06,3.2829758289077957
2021-01-17 10:00:00,34176.15,35070.86,33859.11,34813.47,18.843415,0.0186882145625677,2,2,1,49303.95879336976,0.0003500860665461,20.67621154524733,0.00965849773962102,0,122.08492468583604,0.00017811868243218496,0.6479816908467153,0.6479816908467153,1.7203588916555325e-06,2.3614274809604963
2021-01-17 11:00:00,34812.07,35394.01,34716.73,35292.86,14.033126,0.0136762963376373,2,2,1,49188.64957757712,0.0005751015447488,18.276046520675468,-0.013705510673818422,0,120.68898792308988,0.0002481936982760125,1.3064864132349345,1.3064864132349345,-3.401621380896358e-06,2.7148125823356244
2021-01-17 12:00:00,35279.62,35544.27,34977.34,35085.59,16.03249,-0.0058901723255928,2,2,1,50267.85382072716,-5.117925081724534e-05,26.730068996371333,0.006630486411493219,0,118.48658299548121,0.00020698692215535678,-0.7016114443764265,0.7016114443764265,1.372423974707898e-06,0.5386060493244991
2021-01-17 13:00:00,35125.4,35494.21,34782.39,34854.89,7.69573,-0.0065970618644577,2,2,1,51056.84274997487,-2.4456795989691963e-05,8.513336987579581,-0.0026938928440258803,-1,125.25044846362108,0.0001671763363830453,-0.6906861968932756,0.6906861968932756,-4.5035513627274916e-07,0.4765334471166782
2021-01-17 14:00:00,34860.27,35245.48,34688.92,34789.13,11.274861,-0.0018884613364722,2,2,1,49554.20224403089,0.000205635960062,14.93684055646476,0.04054316428649685,-1,120.03195074021839,0.00015143747239673282,0.11917794239603458,0.11917794239603458,6.13975432251257e-06,1.2887178390522809
2021-01-17 15:00:00,34772.62,35983.1,34764.78,35736.21,15.050505,0.0268594787944902,2,2,1,49236.99625867997,-0.0002173730416948,25.86357954382556,-0.054739516175840275,0,117.01880548297042,8.181776021738281e-05,-1.2288738700267072,1.2288738700267072,-4.478664608890447e-06,-0.6115621675534012
2021-01-17 16:00:00,35741.91,36159.8,35582.88,35919.34,12.712144,0.0051114086406975,2,2,1,51357.404431218754,0.0003361798357248,12.687254250194773,0.0615847282098172,0,122.14175946087474,0.0001961484745850453,0.5609887318412676,0.5609887318412676,1.207975049609025e-05,0.8093651024639086
2021-01-17 17:00:00,35949.41,36109.62,35596.59,35820.81,7.293964,-0.0027468596581599,2,2,1,48483.52020744312,0.0002416387826982,7.872488960768974,-0.027465661313467615,-1,116.95080655801203,0.0001769541376597703,0.20974444068995596,0.20974444068995596,-4.860162412979976e-06,0.21324261403518424
2021-01-17 18:00:00,35845.76,35910.73,35618.3,35685.88,5.507165,-0.0037739171018671,2,2,1,49856.10440567305,-9.65595939686664e-05,6.242395629049214,-0.013066597725146623,-1,123.62783200738288,0.00012112343009542452,-0.8718788290976999,0.8718788290976999,-1.58267113614683e-06,-1.1422674194042455
2021-01-17 19:00:00,35685.92,36008.44,35508.36,35639.56,7.997793,-0.0012988354929657,2,2,1,50549.437870600384,0.0004377861914441,7.073583092419851,0.0027665125136557833,-1,129.21078269811596,0.00010395901093233701,0.8568651256875098,0.8568651256875098,2.876039046515887e-07,0.43859871530452077
2021-01-17 20:00:00,35637.23,36095.16,35553.96,36048.59,11.241696,0.0114114937746965,2,2,1,53095.91059518491,0.0001523556927317,19.22070702391085,0.1110198019791111,2,133.19048975855856,0.0001294008788759552,-0.1248652309836596,0.1248652309836596,1.4366059948731486e-05,-0.7467183038052344
2021-01-17 21:00:00,36068.12,36842.5,36068.12,36541.78,11.061287,0.0135885128796697,2,2,1,52889.15409695244,-6.855078764942696e-05,12.284145780756123,0.11620242090091892,0,133.5896940227628,0.00012388912991848829,-0.8001913007872328,0.8001913007872328,1.4396216819836803e-05,-2.6311374230307205
2021-01-17 22:00:00,36545.86,36702.83,35959.61,36177.04,5.359765,-0.010031600037923,2,2,1,50031.92833982292,0.0002794593115321,5.254151736327142,-0.019876816340893888,-1,132.01071410889548,0.0001331170488522508,0.33524887217549304,0.33524887217549304,-2.645943131877989e-06,-0.9037417589589755
2021-01-17 23:00:00,36221.5,36431.96,35654.89,35826.78,9.069681,-0.0097290050104206,2,2,1,50632.58786739125,0.0002344480223519,13.44293813498294,0.034683512128256266,2,134.08827133785755,0.00018959468185808832,0.16064784206939478,0.16064784206939478,6.575809447677895e-06,-0.8029551096925045
2021-01-18 00:00:00,35841.98,36028.61,35577.14,35981.43,10.334724,0.0043073135815827,2,2,1,50332.57641966698,1.5711460091954782e-05,13.163591704358335,0.002520311523764862,2,138.73730631286023,0.00014953613490398265,-0.5372440948680035,0.5372440948680035,3.768776440177645e-07,-1.2313079622039684
2021-01-18 01:00:00,35943.07,36177.7,35604.4,36132.16,10.026972,0.0041803554504831,2,2,1,49170.64716088133,-6.499835714132966e-05,9.466745317509275,0.02333937024303312,0,138.03060090918487,0.00011120649242404145,-0.8636129245730737,0.8636129245730737,2.595489500113761e-06,-1.4192219501848282
2021-01-18 02:00:00,36135.24,36224.38,35694.73,35753.95,10.810952,-0.010522574938486,2,2,1,54608.039414818064,0.0004508659829028,13.255437274153534,0.09490877737966863,0,153.300795145343,0.00017963468953297474,1.1197611758829398,1.1197611758829398,1.7048908758550992e-05,0.599279728208582
2021-01-18 03:00:00,35772.6,35861.91,34845.91,35106.61,28.56806,-0.0182713207166642,2,2,1,49993.18869447361,-0.0001863463069338,45.01350944438392,0.045620971064963545,0,126.41685531232773,0.00010161812723573725,-1.2593715932182026,1.2593715932182026,4.635917642297353e-06,-1.3965848982802973
2021-01-18 04:00:00,35112.79,35306.78,34905.53,35125.54,9.226836,0.000539069370891,2,2,1,49409.75387582978,-0.000108022790194,12.806181855795923,-0.0896273292541252,0,124.47341120099492,6.907081687002475e-05,-0.8950716417310636,0.8950716417310636,-6.1906328454610935e-06,-1.3934270284395849
2021-01-18 05:00:00,35137.46,35485.57,34787.46,35370.42,5.928456,0.0069473764155603,2,2,1,49960.6767529338,0.0002238634643067,8.7287158339041,-0.006860809623545072,1,128.04002444551153,0.00010562259836454061,0.33904302236632244,0.33904302236632244,-7.246565393232763e-07,-0.6988061879464654
2021-01-18 06:00:00,35348.78,35454.54,35072.55,35195.14,6.198314,-0.0049678727268336,2,2,1,53196.20598243581,0.000270654878619,10.381902162202378,0.06257958300745514,0,143.3293898276408,0.0001045220442504031,0.5248032641753003,0.5248032641753003,6.540945944277e-06,-0.4596413129764293
2021-01-18 07:00:00,35197.23,36258.12,35162.0,36109.76,17.300093,0.0256551840189853,2,2,1,48501.8687201913,0.0003393647325895,23.858493356635066,-0.054654750001106644,0,128.8819225904363,0.0001176366330301031,0.7806654667964599,0.7806654667964599,-6.429400769232209e-06,-1.4023531588967717
2021-01-18 08:00:00,36104.15,36454.73,36080.1,36217.67,10.154105,0.0029839323771874,2,2,1,51442.32244855131,-0.0001283922052724,12.150563184250007,0.03571569251388418,-1,138.50225635897647,9.962367485955877e-05,-1.2039649862575224,1.2039649862575224,3.5581285383871748e-06,-3.2640846162858033
2021-01-18 09:00:00,36218.6,36636.48,36209.78,36573.7,18.490044,0.0097822815844246,2,2,1,50361.60585042718,0.0004612211975593,27.7355576460316,-0.008555900386357895,0,134.07078694354928,0.00016540111919713748,1.3284482837348313,1.3284482837348313,-1.415155499642817e-06,-1.161009827481611
2021-01-18 10:00:00,36569.51,36651.64,36123.76,36219.83,7.309034,-0.0097226439657696,2,2,1,50892.2985079088,-6.350874453123078e-05,6.632929752159269,0.03221525722094021,0,140.745414904813,0.00010110427826788363,-0.8462990094111529,0.8462990094111529,3.2571003305373863e-06,-2.354128733597439
2021-01-18 11:00:00,36219.77,36552.01,35784.18,36462.18,12.33996,0.0066688001106882,2,2,1,47796.64586497825,0.0003610543066601,17.913008871120443,-0.028299287021561592,0,132.31706580918498,0.00016952935496712115,1.0757208847145794,1.0757208847145794,-4.7975598747947595e-06,-0.13025143961421315
2021-01-18 12:00:00,36451.36,37469.87,36391.85,36984.92,31.280513,0.0142347029829625,2,2,1,53477.23551170448,0.000155296079956,26.231145085502163,0.06384560801865735,2,148.247591377803,0.00020244421373587115,0.10016383207123968,0.10016383207123968,1.2925173915825718e-05,-1.5438911332083962
2021-01-18 13:00:00,37000.09,37115.09,36708.17,36779.47,15.629545,-0.0055704529315097,2,2,1,53047.82533632263,0.0003930922250503,22.1538890409512,0.03899541137115725,0,141.69901439459716,0.0002235978088288211,1.1016720554147652,1.1016720554147652,8.719288536969256e-06,-0.4428336416976073
2021-01-18 14:00:00,36764.86,36992.44,36083.33,36452.46,16.488314,-0.008930863177639,2,2,1,49811.81527924227,-0.0002113783410298,14.378578242838657,0.005198611289164878,0,133.25383574914693,0.00016334365637272113,-1.4911580282463448,1.4911580282463448,8.491601760326968e-07,-2.752728004434786
2021-01-18 15:00:00,36452.46,36597.54,36149.85,36408.03,16.083756,-0.0012195911805452,2,2,1,48483.38375761023,6.51109881839899e-05,11.501114980379237,-0.015305817948569111,1,134.88250052792918,0.00012906193832203238,-0.3656828823423338,0.3656828823423338,-1.975398532046483e-06,-0.7073705250835403
2021-01-18 16:00:00,36407.65,36560.0,35822.49,36163.03,18.299061,-0.0067520284475062,2,2,1,48018.006521725634,0.0005484807203234,27.093069529952555,-0.0650227157403459,0,128.44024181727627,0.00021367105402150734,1.7020194733657532,1.7020194733657532,-1.3893472207580565e-05,1.7913802137144892
2021-01-18 17:00:00,36175.29,36296.94,35406.65,35680.37,21.682818,-0.0134366486480246,2,2,1,46662.75491208542,-0.0001557194486529,19.99346131830499,-0.037554313044253385,0,120.89554054428598,0.00013655347324498235,-1.2268989027335127,1.2268989027335127,-5.128171881522146e-06,-0.7442021020244962
2021-01-18 18:00:00,35673.4,35891.99,35533.96,35741.7,14.127591,0.0017173967395276,2,2,1,51326.80178355446,2.399369306659896e-05,21.8265986536488,0.02949884262746494,1,127.81850620612036,0.00014749127794471108,-0.5047341104144963,0.5047341104144963,4.350821997014722e-06,-0.16532519696243853
2021-01-18 19:00:00,35766.17,36073.33,35695.74,35946.78,8.345245,0.0057214369571827,2,2,1,51004.90632467967,-6.11407150128211e-05,13.913417979673753,0.009010356460248392,1,124.88962921116318,9.471690023559593e-05,-0.7958837156069816,0.7958837156069816,8.534330339325042e-07,-0.6530738452807645
2021-01-18 20:00:00,35952.37,36395.55,35818.93,36090.76,11.130205,0.0039973655880114,2,2,1,48112.9250480044,-0.0001934772408216,18.32548813489749,-0.09384876332891079,0,118.06718479547645,5.1120235138395935e-05,-1.260915170879312,1.260915170879312,-4.7975708488215895e-06,-0.8182478452512798
2021-01-18 21:00:00,36098.7,36307.01,35971.52,36200.22,8.217344,0.0030283192634055,2,2,1,49244.15091263637,0.0002057017489915,7.354169547154568,-0.06891778185059128,0,122.32302713985983,2.7696425631045932e-05,0.36673494051779837,0.36673494051779837,-1.908776219681548e-06,1.1375030667776598
2021-01-18 22:00:00,36200.22,36523.53,36167.54,36469.35,4.014227,0.0074069856323237,2,2,1,48602.04025558496,0.0001167563914345,3.69125598696821,-0.02857951175749196,0,121.19854013112503,6.871326718908343e-05,0.019500941159530535,0.019500941159530535,-1.9637916275260964e-06,0.1815168779136742
2021-01-18 23:00:00,36500.0,36816.4,36267.47,36627.61,17.081293,0.004330145803145,2,2,1,51355.14274057604,-0.0002493437127871,29.483590148090755,0.014270549928776965,2,123.1383415782701,2.940642956769719e-05,-1.401053493838681,1.401053493838681,4.1964592137288603e-07,-1.7085503894276806
2021-01-19 00:00:00,36624.79,36932.85,36388.39,36666.55,16.451343,0.0010625677042686,2,2,1,47896.73372426567,-4.632534948961275e-05,26.22584824797245,-0.04839495350072165,0,111.35805608933879,-4.49443291589294e-05,-0.5545710851084771,0.5545710851084771,2.175078719767516e-06,-0.7008669164484348
2021-01-19 01:00:00,36685.74,37299.58,36633.67,36910.38,42.256114,0.0066279170007721,2,2,1,52454.62380454477,-0.0002895472850874,44.09882355126299,0.06678733824508365,2,112.86711273167911,-6.16728087132419e-05,-1.449202609042669,1.449202609042669,-4.118962736055628e-06,-1.6348695515040117
2021-01-19 02:00:00,36950.41,37012.09,36597.88,36814.62,25.23723,-0.0025977634140943,2,2,1,45846.95875343863,0.0001698360026359,42.79130403131449,-0.1604357298900222,0,92.75454409090646,-4.3442520017079265e-05,0.41665305847640843,0.41665305847640843,6.969732407202011e-06,-0.01391016241772114
2021-01-19 03:00:00,36802.78,36857.82,36441.86,36478.06,6.877365,-0.0091840649202676,2,2,1,48213.12253345938,8.769876812429395e-06,10.847027365904797,-0.03560617371084007,0,104.78468133947756,-3.470369603892295e-05,-0.2848697188517708,0.2848697188517708,1.2356658295700831e-06,-1.0226785954330386
2021-01-19 04:00:00,36458.23,36650.66,36239.15,36276.87,7.948497,-0.0055306358711888,2,2,1,52095.73438275081,0.0001451307826369,6.708607237967172,0.054361341561649734,-2,114.74362280581074,7.6223068933895456e-06,0.24724418388906377,0.24724418388906377,4.143588285192664e-07,-0.1624348327080125
2021-01-19 05:00:00,36291.27,36535.27,36163.42,36241.15,6.028499,-0.0009851345331508,2,2,1,52950.037847076645,-0.0001745023158724,5.1718521176070045,0.05983427944593034,0,117.54614942169431,-3.9903201214597956e-05,-1.0257427902702994,1.0257427902702994,-2.387579292261441e-06,-1.0118055318914105
2021-01-19 06:00:00,36241.09,36759.98,36174.56,36605.05,7.618159,0.009990995468156,2,2,1,50522.4746055886,-0.0004221337361961,12.217596384940911,-0.050261693056268264,0,111.70189277768617,-0.00010726446716842296,-1.8192917325582663,1.8192917325582663,5.3912937246634395e-06,-2.4639304835964433
2021-01-19 07:00:00,36602.55,37242.11,36473.09,37191.49,14.122905,0.0158937626366046,2,2,1,52042.28222549293,0.0001650146022479,12.859596414053543,0.07299540406837468,-1,117.92988872064183,-5.5469677789047964e-05,0.5260006150142007,0.5260006150142007,-4.049031543754104e-06,0.35501841226194103
2021-01-19 08:00:00,37191.97,37520.1,36897.28,37143.18,26.611036,-0.001299797437765,2,2,1,49726.46551669098,0.0002546639934645,33.286352895109644,-0.033354966303793976,0,107.53196146375792,-1.784600991978387e-05,0.8180183769158178,0.8180183769158178,5.95253059531564e-07,0.8266321795492982
2021-01-19 09:00:00,37203.61,37451.37,36996.58,37052.27,6.870037,-0.0024505558088687,2,2,1,48752.911384168896,0.0002157551645697,6.229974805875241,-0.031942874717618586,0,110.56869591020794,4.5316796287353625e-05,0.7413819142420466,0.7413819142420466,-1.44754874641078e-06,1.3167637541592396
2021-01-19 10:00:00,37036.72,37304.69,36751.92,37107.26,9.001703,0.0014830193793979,2,2,1,50577.11845177866,-0.0004296605522547,9.928125954224097,-0.006193079608718399,0,113.85501511139633,-2.962027307397137e-05,-1.7820127514868855,1.7820127514868855,1.8344070917908276e-07,-1.8865083849510773
2021-01-19 11:00:00,37107.47,37289.05,36806.72,37289.05,5.804105,0.0048870800666254,2,2,1,51784.2769988152,0.0002534184551039,7.240145149549759,0.08342909971343371,0,119.44217192583325,9.607992124624498e-07,0.9332950581791233,0.9332950581791233,8.01586133011183e-08,0.9081323836372333
2021-01-19 12:00:00,37268.24,37454.4,36637.83,36789.28,12.180717,-0.0134932194775778,2,2,1,47456.14493600807,-2.3770292054840392e-05,15.763823610319958,-0.11259165733012844,0,112.16727012945502,-2.0151835124005096e-05,-0.14758855940161425,0.14758855940161425,2.2689285148552283e-06,1.344508180871213
2021-01-19 13:00:00,36774.82,37140.12,36774.82,37099.35,4.889971,0.0083929508545708,2,2,1,44353.16878346791,8.458360967072539e-05,7.808144739794423,-0.16390222403521149,1,108.51247586806798,1.2233905568885576e-05,0.35939865779000374,0.35939865779000374,-2.005164331377105e-06,0.9630876138728295
2021-01-19 14:00:00,37082.6,37270.2,36923.97,36983.22,8.170328,-0.0031351529819207,2,2,1,49082.75550931557,-2.996389933954195e-07,11.51163913492871,-0.014636281890945568,1,120.93190233574089,6.496316771922365e-05,-0.03941255355794717,0.03941255355794717,-9.508192352673328e-07,0.09778794039478689
2021-01-19 15:00:00,36987.6,37340.0,36813.14,37324.25,8.84442,0.0091789531900854,2,2,1,49659.25522819177,-0.0002107718258698,6.809556823537316,0.024253081766327123,2,123.78314188789803,1.798986420451115e-05,-0.8858618184646337,0.8858618184646337,4.363096475171303e-07,-1.4976862158075708
2021-01-19 16:00:00,37340.0,37848.91,37199.76,37379.07,16.602038,0.0014676726507065,2,2,1,49213.66290162539,0.0004865157597925,21.676052138832773,0.024900166968796933,0,124.35152098606578,4.697133499551115e-05,2.149132310076402,2.149132310076402,1.1695940841355222e-06,1.0261253621111297
2021-01-19 17:00:00,37353.79,37524.54,37017.69,37168.95,9.343811,-0.0056371867805555,2,2,1,52062.02762773001,-0.0003143762295569,6.882127829618823,0.11570840011090322,0,136.0561228193217,-1.9295089270313852e-05,-1.2841458413948552,1.2841458413948552,-2.2326039094650708e-06,-2.8452803491591623
2021-01-19 18:00:00,37159.08,37159.08,36500.0,36507.47,18.951177,-0.0179568381393959,2,2,1,48159.10675549459,0.0001955263357393,29.302270381339238,-0.06171619734691569,-2,123.44475671634208,5.8853271728936146e-05,0.8369802798273465,0.8369802798273465,-3.632200132534677e-06,0.7727516248905061
2021-01-19 19:00:00,36500.0,36756.23,36060.89,36297.68,18.792455,-0.0057630698005688,2,2,1,48580.369167702425,0.0003333860692266,29.026112248693696,-0.04753537123553331,-2,119.88064090569343,6.884922349427366e-05,1.2940052839387788,1.2940052839387788,-3.2727733980785e-06,2.096721422109799
2021-01-19 20:00:00,36265.88,36591.48,36088.33,36450.0,17.871034,0.0041876310720407,2,2,1,50456.32638259496,-0.0002198986936412,17.625431606850746,0.048706274504251024,-2,124.72536135267066,4.433317329597869e-05,-0.9234766065882024,0.9234766065882024,2.1593037081984693e-06,-0.08057544143079987
2021-01-19 21:00:00,36428.7,36793.98,36381.05,36443.58,17.782375,-0.0001761472002499,2,2,1,52270.49462829018,-0.0003989320861676,28.71334610820145,0.06145590206282203,-2,122.72990337447293,-1.6106288683811967e-05,-1.4817973476770676,1.4817973476770676,-9.89826499947887e-07,-0.2174165059237232
2021-01-19 22:00:00,36441.75,36768.71,36317.86,36650.71,16.196926,0.0056674893326178,2,2,1,53107.06455493529,0.0008808007398318,25.22366813716987,0.09269208197144874,-2,118.69330137977144,9.403125866933746e-05,2.7263796165463017,2.7263796165463017,8.715953136456727e-06,4.1080682209677954
2021-01-19 23:00:00,36657.9,36732.26,35874.74,35926.59,16.113012,-0.0199551107286914,2,2,1,50438.15924177566,-7.131528606267136e-05,13.77253777709117,-0.017855728752085853,0,116.8307314157704,0.00011146332614522854,-0.30734107669421973,0.30734107669421973,-1.99025891745448e-06,2.3661638137596155
2021-01-20 00:00:00,35867.39,36358.62,35648.42,36320.85,11.117619,0.0109142666846011,2,2,1,48609.86622405085,0.0001398151461235,8.761931851247653,0.014888958898336968,0,117.34256246606131,6.812574943660354e-05,0.34339771016644005,0.34339771016644005,1.014321483279993e-06,2.124532055132773
2021-01-20 01:00:00,36316.84,36398.16,35984.3,36100.79,11.959941,-0.0060772077870439,2,2,1,50584.518870515945,-0.0002861517986783,10.419714439802505,-0.035651860568043814,0,132.915354721645,7.165380329642853e-05,-1.0195461501531893,1.0195461501531893,-2.554591404294308e-06,1.1614305030958854
2021-01-20 02:00:00,36106.85,36132.26,35706.86,36048.93,9.019379,-0.0014375664640464,2,2,1,47604.52839161972,0.0002798817909922,7.274322157652541,0.03833557745090932,1,137.960164264464,8.219823520304105e-05,0.7693879544145413,0.7693879544145413,3.151116811954241e-06,2.627160350249176
2021-01-20 03:00:00,36076.87,36093.05,35012.98,35068.1,65.531954,-0.0275852969669809,2,2,1,52379.76707412344,0.0003097323672883,54.12763045307196,0.08642137911255299,-2,134.88101016414797,7.924152246075354e-05,0.8119833261831227,0.8119833261831227,6.848161654036665e-06,3.1693156120705215
2021-01-20 04:00:00,35068.13,35452.76,34750.0,35257.83,56.129939,0.0053957469262826,2,2,1,45894.60653019794,0.0002674724419904,54.72564260317377,-0.11903331291949493,0,105.17659592926562,0.00014016291441470353,0.6588693531866545,0.6588693531866545,-1.6684056051233792e-05,2.325059137743162
2021-01-20 05:00:00,35252.52,35496.3,35208.96,35483.35,8.255782,0.0063759401241991,2,2,1,51653.81240889825,0.0002501025121983,13.216026404708328,-0.024480160749308255,0,116.23223823593517,0.00022129223921044106,0.5527908147332193,0.5527908147332193,-5.417269588445972e-06,1.780425959207724
2021-01-20 06:00:00,35484.81,35644.78,35160.84,35261.72,26.874711,-0.0062656161075551,2,2,1,47487.03282288316,-6.536951026531208e-05,48.336168483769846,-0.060081019514623524,0,98.82418840074038,0.00010302095794830202,-0.5001760140198871,0.5001760140198871,-6.189604184907143e-06,1.2396986016322922
2021-01-20 07:00:00,35285.06,35810.65,35229.41,35684.13,12.827872,0.0119080958664401,2,2,1,52031.06003124112,0.0001814789320779,15.388868557292048,-0.00021563608996211237,-2,107.71369749982716,0.00013462023521587345,0.30589753666921526,0.30589753666921526,-2.9028981151730814e-08,2.0121434579564
2021-01-20 08:00:00,35686.72,35934.35,35355.3,35490.31,6.89505,-0.0054463506590956,2,2,1,49538.925030360806,0.0006352855075979,9.468435330489209,-0.003771442116014101,-2,107.8734882269786,0.00019655403040017344,1.6408209609941686,1.6408209609941686,-7.412921483235301e-07,3.3151202194255265
2021-01-20 09:00:00,35485.25,35569.25,34526.2,34793.93,19.084704,-0.0198167551959329,2,2,1,50521.54708182176,3.246238621390557e-05,23.002990050997752,0.036277540098398564,1,106.13665329589348,0.00023638080351169914,-0.19730839614605916,0.19730839614605916,8.575314077887338e-06,1.8091879398315163
2021-01-20 10:00:00,34797.26,34969.71,34342.59,34707.65,21.592883,-0.0024828225292736,2,2,1,56173.60506971111,-0.0001439787532189,38.32016266918664,0.11065253990830382,0,111.36789683101945,0.00018339823548531162,-0.8187017585478814,0.8187017585478814,2.0293480571150945e-05,1.0679045524538124
2021-01-20 11:00:00,34701.04,34881.47,34001.0,34414.12,14.333701,-0.0084931784720669,2,2,1,49501.6648154983,-3.5617465295573373e-05,19.49521883907264,-0.044079251765340444,0,95.812426612118,0.00014022950641232748,-0.4281137521072276,0.4281137521072276,-6.181211718078405e-06,1.5819917214388723
2021-01-20 12:00:00,34424.32,34799.65,34022.62,34710.64,37.570467,0.0085793229161854,2,2,1,52029.74758021663,0.0007783640260682,26.452082355254607,0.09637535139813402,0,98.66450407019505,0.0002040909544220525,1.9291630140904334,1.9291630140904334,1.9669337449605864e-05,3.1810850457564106
2021-01-20 13:00:00,34735.73,34975.0,34191.9,34971.7,10.534967,0.0074928947965897,2,2,1,52977.68531732865,0.0001710187105625,9.561619689189412,0.19445096642284154,0,100.12914485430285,0.00019420547921757746,0.11266523589471172,0.11266523589471172,3.7763443118469005e-05,1.2831718988200345
2021-01-20 14:00:00,34956.14,35146.59,34796.71,34860.08,20.362232,-0.0031968280075442,2,2,1,48975.26758747917,0.0004559149773291,34.80619600366549,-0.0021899325072733955,0,88.66097303727977,0.00025936604016687896,0.8901139930637526,0.8901139930637526,-5.679941226442255e-07,1.967376700775521
2021-01-20 15:00:00,34868.16,35048.73,34052.14,34192.15,20.06603,-0.0193462494248244,2,2,1,49263.70212686042,8.444158211107564e-05,23.001314690244723,-0.007965345020051529,1,86.64341573853534,0.00024723637142102595,-0.24034796174951029,0.24034796174951029,-1.969322999874079e-06,1.4421497556642484
2021-01-20 16:00:00,34172.46,34720.23,33351.36,34697.51,111.388519,0.0146718408947403,2,2,1,51404.76029368168,0.0002255446334858,159.68241398918462,0.044522135985613165,0,72.75086594934761,0.00019601876215701342,0.220753321431733,0.220753321431733,8.727173984486116e-06,1.4678585705137488
2021-01-20 17:00:00,34676.38,35045.67,34553.03,34838.46,14.057128,0.0040540224877538,2,2,1,50500.50002609488,-0.0001418653103848,19.18296420191573,-0.029993599419539385,0,70.24816859522483,0.00017422780008217523,-0.9544197327228748,0.9544197327228748,-5.225718843412355e-06,-0.02122353957021772
2021-01-20 18:00:00,34917.95,35253.81,34773.19,35225.87,9.801477,0.0110588069066093,2,2,1,47229.063339487,0.0002210085605859,14.41268488836801,-0.019311890910465812,-1,67.08697750203267,0.00021985121430777524,0.18658886839184138,0.18658886839184138,-4.245742667245196e-06,0.13605304071485572
2021-01-20 19:00:00,35260.8,35300.0,34853.15,35189.31,5.805449,-0.0010384125492617,2,2,1,53088.382433535575,0.0004918969421766,4.599987378707145,0.09279495695619788,0,78.12039421102757,0.0002857905152417969,1.0028153796342967,1.0028153796342967,2.651991856035216e-05,0.7127471168302043
2021-01-20 20:00:00,35258.13,35325.42,34746.61,34954.43,7.523995,-0.0066971301471436,2,2,1,49909.12546872589,-0.00041904842708,10.703669965889883,-0.010845040713424403,0,74.19780772847946,0.0001361139585982719,-1.7273111961196692,1.7273111961196692,-1.4761614226636223e-06,-1.698685586530689
2021-01-20 21:00:00,34958.23,35112.16,34499.65,34918.84,6.15063,-0.0010187015171272,2,2,1,52310.58122342263,-0.0007082284779201,9.34072491093906,0.0007669067495441606,0,80.0741234713109,2.6208060037946894e-05,-2.3595120556781253,2.3595120556781253,2.0099138135560064e-08,-2.3828069032118053
2021-01-20 22:00:00,34900.24,35102.12,34752.87,34975.3,2.72161,0.0016155864363049,2,2,1,48356.59590094165,0.0006146041118418,3.603693290039487,-0.08945078576277998,-1,76.55514911707549,4.604420185203439e-05,1.3962773511146422,1.3962773511146422,-4.118690035484525e-06,1.459111983659434
2021-01-20 23:00:00,34960.72,35668.58,34820.69,35484.17,16.348061,0.0144445834683804,2,2,1,53733.06958315043,0.0006772732975226,12.034725544558135,0.065325745247375,0,85.30152842289502,0.00012014816627847495,1.429421747119693,1.429421747119693,7.848768502246906e-06,-0.14552180494157962
2021-01-21 00:00:00,35464.08,35604.47,35087.88,35319.22,6.686117,-0.0046593898518345,2,2,1,49070.52633643823,0.0002974775944665,11.5131586779826,0.009476679286960499,0,77.56096243543894,0.00012913978640106244,0.34549927316043444,0.34549927316043444,1.2238163389094517e-06,-0.5591809736868363
2021-01-21 01:00:00,35309.54,35373.7,34646.46,34789.62,10.522833,-0.0151082252614322,2,2,1,48860.648349258925,9.55733494166569e-05,16.86007917466873,-0.034079013890983334,0,76.45098448434464,0.00015881961887624456,-0.27349213612199824,0.27349213612199824,-5.412415997844217e-06,-0.7675894243232717
2021-01-21 02:00:00,34791.36,34839.19,34363.98,34554.8,13.198074,-0.0067725967730627,2,2,1,49711.54835068984,0.0004404937065542,19.268056418423956,0.04426091446042002,0,76.34956790840185,0.00018625526212228208,0.7012586924898913,0.7012586924898913,8.243828224597436e-06,0.4250658515095571
2021-01-21 03:00:00,34545.45,34820.65,34236.3,34577.42,5.482896,0.0006543982185789,2,2,1,52652.27663034394,0.0006748397000417,4.4356335458353735,0.005202572891072066,0,87.54768995313584,0.00020912310685541956,1.283453815063062,1.283453815063062,1.0879782066227726e-06,-0.36249982439874584
2021-01-21 04:00:00,34577.12,34925.64,34145.26,34228.91,9.112958,-0.0101302592479139,2,2,1,52200.9864353724,-0.0001573708056682,12.773497101949642,0.13741004405441326,-2,93.30595880028794,0.00024183280953189452,-0.9539860613040997,0.9539860613040997,3.3230257011580155e-05,-1.8074177050521978
2021-01-21 05:00:00,34248.58,34615.5,33979.78,34550.23,7.530321,0.0093435985874652,2,2,1,51293.66813218167,0.0006266571884594,8.68422906879946,-0.006972269033418632,1,92.43291922429079,0.00040869351782933205,1.1010190101279853,1.1010190101279853,-2.8495211585203775e-06,0.06936506347320215
2021-01-21 06:00:00,34561.01,34789.66,34503.46,34663.5,16.145495,0.0032730529367679,2,2,1,46538.61078560689,0.0003368956826994,14.05746731058836,-0.01997223201571008,0,89.38561812962622,0.000373979964186532,0.29458199030610177,0.29458199030610177,-7.469214613960363e-06,-1.1283995782727207
2021-01-21 07:00:00,34665.24,35018.85,34548.61,34628.89,13.134897,-0.0009989553796057,2,2,1,48737.45517973274,-0.0001053843769186,15.406801360824042,-0.06330074477688508,1,93.60566291086573,0.00027614775488138204,-0.8398415799826567,0.8398415799826567,-1.7480358552456184e-05,-1.5866768042420902
2021-01-21 08:00:00,34611.24,34682.22,33200.0,33240.08,35.083395,-0.0409319280442765,2,2,1,49865.62046742656,-0.0001549375195363,39.108839196236126,0.006594721965919481,-2,90.61398600286482,0.00021959586563103205,-0.8924418076940245,0.8924418076940245,1.44817367870207e-06,0.011898411930148733
2021-01-21 09:00:00,33229.2,33497.07,32562.21,32903.78,107.630951,-0.0101688319346386,2,2,1,48993.843769912935,0.0005953215427155,121.8099842031132,-0.030238648658851286,0,75.47788656339704,0.00028206438979338746,1.0141826041827444,1.0141826041827444,-8.529245982135522e-06,1.486574689964896
2021-01-21 10:00:00,32867.42,33070.79,32031.95,32803.15,122.542686,-0.003062997424335,2,2,1,49513.76677571286,0.0002532880663345,130.92488365883025,-0.11855814284544197,0,66.75534130314706,0.00025866368476592497,0.0839375438043451,0.0839375438043451,-3.0666686087406906e-05,0.6127191893608965
2021-01-21 11:00:00,32822.39,32996.51,32175.46,32177.67,32.453356,-0.0192518136420289,2,2,1,51374.05598645336,0.0002130034577393,53.90565526630368,0.03782481211356825,-2,66.19256056579124,0.00020093415447812495,-0.05070266016452817,0.05070266016452817,7.600296640333775e-06,1.058917296141375
2021-01-21 12:00:00,32192.28,32667.98,31358.08,32466.31,121.127899,0.0089302025715358,2,2,1,48766.57016383013,0.0003758781977517,103.06726651494164,-0.06271753310652739,-2,57.18771606565764,0.0002675902799056125,0.4504872107571377,0.4504872107571377,-1.6782602238965182e-05,1.5078080761897916
2021-01-21 13:00:00,32462.28,32812.86,32203.19,32321.61,12.829368,-0.0044668895251174,2,2,1,53483.7612750956,0.0003412674458606,18.130445842531937,0.009552624935114329,-2,62.09551703892212,0.00023191656208076245,0.33285365733726224,0.33285365733726224,2.2154119337986817e-06,1.8573995674255113
2021-01-21 14:00:00,32313.66,32465.72,31037.23,31216.76,76.894472,-0.0347809166952721,2,2,1,51666.43835133862,-0.0003065826451298,94.65476188694512,0.054949587749622886,-2,56.088273002591094,0.00015148177110211247,-1.3452470899051614,1.3452470899051614,8.323860873643818e-06,1.1085884181928731
2021-01-21 15:00:00,31162.06,32028.71,31071.78,31464.12,43.460156,0.0078927189314033,2,2,1,51978.08472329295,-3.883134043589807e-05,65.1683604503805,0.055099038018755486,0,53.95667693812456,0.0001598009006624502,-0.602843305088083,0.602843305088083,8.804875901031712e-06,0.8190601735199063
2021-01-21 16:00:00,31313.13,32218.69,31048.41,31048.41,43.03415,-0.0133002496659084,2,2,1,52140.1055502723,0.0003508197990317,58.5742593347846,0.014305003124020166,0,60.47179946608332,0.0002230205654834502,0.42916409866117267,0.42916409866117267,3.1903098859614992e-06,2.652940025981278
2021-01-21 17:00:00,31082.5,32008.59,31082.5,31926.06,23.077125,0.0278750048476492,2,2,1,48536.33401848451,-4.391715597658288e-05,17.920318906450497,-0.0388939912792039,1,56.37472127160626,0.00014311572814693983,-0.6446589229422531,0.6446589229422531,-5.566341882463993e-06,0.65876455873482
2021-01-21 18:00:00,31927.55,32092.34,31456.0,31772.37,11.209748,-0.0048255600094275,2,2,1,48257.11040956849,-0.0001947244090817,17.16552912358163,0.021767255105014316,1,55.87175914854865,8.711416871991482e-05,-0.9831607307984889,0.9831607307984889,1.8962363337876444e-06,0.6661330513737782
2021-01-21 19:00:00,31733.33,32732.11,31615.6,32466.22,22.887166,0.0216031200084554,2,2,1,46915.80719925957,-0.0002263883848271,19.545086534849226,-0.11626979296277873,0,53.39489744308939,3.219018839911482e-05,-0.9814266272758229,0.9814266272758229,-3.742746540597922e-06,-0.14024716912015034
2021-01-21 20:00:00,32472.43,32539.4,31849.52,31858.11,56.70287,-0.0189081834971531,2,2,1,48735.32474282487,-9.56162987228729e-05,50.989675247763245,-0.02351875964319483,-1,53.03410299879732,-2.674662366020679e-05,-0.7020505469173516,0.7020505469173516,6.290474131313914e-07,0.43678226741943493
2021-01-21 21:00:00,31878.24,32119.6,31234.67,31237.02,38.837515,-0.0196880507918315,2,2,1,51858.9262546328,-0.0001790606748526,55.1984754360825,-0.008634103430447015,1,53.75091084928845,-9.178763874935679e-05,-1.1162538516111127,1.1162538516111127,7.925039665984528e-07,0.4312949763372562
2021-01-21 22:00:00,31233.11,31257.93,30191.0,30931.05,53.358589,-0.0098433961521138,2,2,1,47669.36451188023,0.0003127079614625,87.22373665999969,-0.014211740430803088,0,45.467772827221275,-1.4376312925319282e-05,0.45555422760746606,0.45555422760746606,2.0431242764663707e-07,2.1311003229425456
2021-01-21 23:00:00,30935.08,31524.21,30610.83,30748.54,12.522627,-0.0059180202939028,2,2,1,49324.7890838363,0.0002758821356146,18.94396672231974,-0.08204036235995105,-2,46.73872745810352,2.4962871580992975e-05,0.4152700941278194,0.4152700941278194,-2.047963030049588e-06,2.3961465922358274
2021-01-22 00:00:00,30873.21,30873.21,29223.53,29511.12,241.345372,-0.0410753719797014,2,2,1,50439.85706073989,0.0003144785590549,294.95935432639595,0.027905360438019722,-2,37.67608873575242,2.0420216583892975e-05,0.5432731663104478,0.5432731663104478,5.698335039959613e-07,2.9550113183299853
2021-01-22 01:00:00,29511.11,30275.58,29000.0,30098.37,236.335601,0.0197038759937591,2,2,1,56331.91660092213,0.0004103053662219,215.9568953995518,0.15290972396146119,-2,36.62975422888683,7.719803185870334e-05,0.8121986997553418,0.8121986997553418,1.1804329741882414e-05,2.2956251755392185
2021-01-22 02:00:00,30104.16,30808.08,29802.27,30693.69,31.186175,0.0195860785435577,2,2,1,51133.80163204763,-7.417447553497614e-05,49.40175851069252,0.028610118343619373,0,32.61069975633814,9.226677355204382e-05,-0.7413428088875369,0.7413428088875369,2.6397633105079036e-06,0.08620975348309534
2021-01-22 03:00:00,30712.71,31010.1,30308.51,30952.98,20.57724,0.0084121828169809,2,2,1,49811.95995012205,0.0002287840700553,16.411882741343767,-0.05394480280810865,1,31.5268935338156,0.00014916333041234382,0.367662552689919,0.367662552689919,-8.046586445294643e-06,0.957453757247805
2021-01-22 04:00:00,30954.21,31400.15,30753.59,30910.01,49.446057,-0.0013891991612613,2,2,1,48304.78014587069,0.0002033706647322,68.18673329977587,-0.07463855676990738,0,29.537047483106925,0.00018653670084422795,0.22624052592917315,0.22624052592917315,-1.3922830135633138e-05,0.5443159803596804
2021-01-22 05:00:00,30826.2,31910.19,30729.27,31804.25,14.391994,0.0285198489909319,2,2,1,51434.94338809566,-8.310229356451618e-05,23.647509257953057,0.0027542435754432937,2,31.165899793782557,0.0001985314985052384,-0.7772054007813891,0.7772054007813891,5.468041042811827e-07,-1.0284093396093696
2021-01-22 06:00:00,31835.45,32108.46,31508.99,31515.16,23.911917,-0.0091312287551303,2,2,1,52910.70768544475,-0.0003205003285834,29.458465155321274,0.13692065131021436,0,31.763691766334407,0.00011938046224950091,-1.5479324742945832,1.5479324742945832,1.6345650644916122e-05,-1.5514242934219726
2021-01-22 07:00:00,31560.58,31842.22,30604.3,30846.17,20.711007,-0.0214561063640026,2,2,1,52511.09592708338,-1.4951782150826826e-05,32.99586967084656,0.07742793983465712,-1,31.19440690828044,8.302622252882256e-05,-0.400732959272046,0.400732959272046,6.428549362660527e-06,0.1567556453259875
2021-01-22 08:00:00,30866.88,31646.39,30505.05,31488.72,20.073539,0.0206167929264129,2,2,1,49133.32354728564,0.0002416183649774,21.02917224956433,-0.014685406764752384,-1,29.504718260856915,7.391869826913505e-05,0.5296750867180712,0.5296750867180712,-1.0855261516032462e-06,-0.9654084803174551
2021-01-22 09:00:00,31521.09,31796.9,31252.64,31434.23,11.834998,-0.0017319599167251,2,2,1,51574.16922595539,-0.0001755503851451,20.271661067835776,0.05266632004135641,2,32.981468917359685,6.867293482600534e-07,-1.0374251118433166,1.0374251118433166,3.6167507637256074e-08,-2.7678411592663714
2021-01-22 10:00:00,31435.99,31717.17,31055.56,31385.9,25.204056,-0.0015386790678473,2,2,1,50524.53537956365,-0.0003784466613383,38.76856297289713,0.02041389031114038,0,34.33363678885455,-3.7347293877155426e-05,-1.6769366998100488,1.6769366998100488,-7.624035606261757e-07,-3.3940537199757497
2021-01-22 11:00:00,31445.9,32002.5,31444.91,31721.5,24.417837,0.0106359369478568,2,2,1,52620.28609651398,0.0007262282127126,39.122727100890735,0.024257966129620723,-2,36.1206465716344,2.483322395500707e-05,2.284438303859714,2.284438303859714,6.024035055898474e-07,-0.05899024283420795
2021-01-22 12:00:00,31740.29,31995.7,31326.38,31457.84,14.494495,-0.008346447766458,2,2,1,51817.454029584966,0.0001603749217914,12.025112574529478,0.06256096862062388,1,37.940649365272094,1.945875608740708e-05,0.3579687468905666,0.3579687468905666,1.2173586289806482e-06,-1.3313688242858106
2021-01-22 13:00:00,31546.7,32324.07,31353.28,32191.51,22.965464,0.0230545165295605,2,2,1,49487.64712200361,-0.0001338524126276,36.81664405124644,-0.07471640097520138,0,35.74569614005588,1.3114991204521602e-05,-0.6271962304599195,0.6271962304599195,-9.799049416232754e-07,-2.7600607647562923
2021-01-22 14:00:00,32154.89,32543.58,32153.45,32500.0,15.644702,0.0095373361472237,2,2,1,50980.269657156176,-0.0001338666295538,24.89481557746154,-0.013280743091219183,2,38.77780339932212,3.64442035832216e-05,-0.6707473223044043,0.6707473223044043,-4.840061049528557e-07,-3.29227207294218
2021-01-22 15:00:00,32508.58,32736.94,32282.21,32447.29,16.794898,-0.0016231627700786,2,2,1,49543.37392493929,0.0010928937714793,22.57459465016636,-0.04684110257842178,0,38.946657929004324,0.00017492489778698746,2.9102587241354154,2.9102587241354154,-8.193675080760225e-06,0.8384088023453584
2021-01-22 16:00:00,32500.0,32584.16,31978.55,32364.32,7.820219,-0.0025603451395479,2,2,1,51700.46158275399,0.000464123945544,7.348860981535632,-0.00843197310167354,0,42.34766585736894,0.00020273809535781246,1.0504585444106063,1.0504585444106063,-1.7094821667415998e-06,-0.9302462483743743
2021-01-22 17:00:00,32350.17,32541.18,32103.98,32318.13,4.496531,-0.0014282083579537,2,2,1,54977.517277214414,3.5705032885360584e-05,3.5721195242608164,0.13270848301556626,0,45.567424495844065,0.00022914502261162003,-0.19230949680590964,0.19230949680590964,3.0409488341355722e-05,-1.5157281144769792
2021-01-22 18:00:00,32331.28,33347.66,32182.32,33316.97,15.586802,0.030438503721017,2,2,1,51193.09090089408,0.0001583447785608,13.800168505802985,0.060840370805613775,0,42.549434946345734,0.0002962439525990075,0.12115595378535665,0.12115595378535665,1.802359192504429e-05,-1.6000586918165796
2021-01-22 19:00:00,33267.24,33622.0,33108.63,33589.96,13.352518,0.00816033600376,2,2,1,49104.61283303669,-0.0001346993278295,19.849893518647352,0.0466539054626276,-1,40.80324708556706,0.00018862801003124502,-0.7577479395105249,0.7577479395105249,8.800233347601276e-06,-2.12266609685883
2021-01-22 20:00:00,33606.53,33827.83,33317.49,33516.82,8.656321,-0.0021798104144128,2,2,1,47453.6011359488,0.0003198570463186,12.5100088475894,-0.026299683312662858,-1,40.73378913263513,0.00020856327559714503,0.5401282646883171,0.5401282646883171,-5.48514809885654e-06,-0.9328354017632384
2021-01-22 21:00:00,33500.73,33649.99,33203.94,33308.61,11.376789,-0.0062314802540228,2,2,1,49900.47972962928,-1.1924466352206814e-06,11.170627236413967,-0.0377648876759874,0,44.51659228314514,0.00022514577134619243,-0.44351425684009865,0.44351425684009865,-8.5026047656125e-06,-1.9590995850117923
2021-01-22 22:00:00,33300.0,33621.44,32790.23,32844.32,6.902206,-0.0140370992977274,2,2,1,53303.96112187587,1.4788160782868378e-05,6.565123930376686,0.11820163049564836,0,51.23988887022993,0.000243727620138276,-0.3587589734087091,0.3587589734087091,2.8809002097168242e-05,-1.6857477491565351
2021-01-22 23:00:00,32833.98,33158.52,32582.66,33045.55,12.791689,0.0061080899275243,2,2,1,54750.8173193719,-3.0276431693992425e-05,17.07722038834343,0.11000611125398008,0,52.7253324657723,0.00010333134474161442,-0.456434178646529,0.456434178646529,1.1367079405669406e-05,-1.8393869222952293
2021-01-23 00:00:00,32941.38,32941.38,32424.24,32694.69,28.75893,-0.0106742333580669,2,2,1,48023.34086039424,0.0003484030440892,23.02642865204945,-0.0479088629738913,0,62.6541617896885,8.886623205976442e-05,0.6842400675259843,0.6842400675259843,-4.257480134757279e-06,-1.0314279847820484
2021-01-23 01:00:00,32762.19,32914.62,32246.18,32700.0,16.961985,0.0001623985070242,2,2,1,53298.15665937962,2.562571366738467e-05,17.927843112869642,-0.05385508117955362,0,93.75987340372771,8.760631715751743e-05,-0.24611414364581696,0.24611414364581696,-4.718045322359822e-06,-1.5681870107161402
2021-01-23 02:00:00,32700.0,32846.78,32071.51,32231.22,22.813259,-0.0144395298602137,2,2,1,51357.040254797896,0.0001853662637374,19.849181411270028,0.004365774020806512,-2,95.29954234906529,9.098400280459244e-05,0.21223724234304073,0.21223724234304073,3.9721559575327647e-07,-0.5196741933713581
2021-01-23 03:00:00,32248.09,32588.57,32222.22,32381.46,9.180739,0.0046504887514497,2,2,1,48129.88486004649,0.0002658368513768,6.919062481383747,-0.033768498403994984,1,90.91258146765006,0.00014105102520537994,0.45502164021605107,0.45502164021605107,-4.763081319529729e-06,-0.15432358270621394
2021-01-23 04:00:00,32344.98,32817.49,32304.12,32565.24,7.846691,0.0056594250523982,2,2,1,49781.27817364789,0.0007618578559318,5.495762517069035,0.030566292265868267,1,106.66256367111797,0.00019630112640702993,1.772977085037462,1.772977085037462,6.000197601876428e-06,1.1085076449373044
2021-01-23 05:00:00,32579.28,33352.76,32257.4,33351.2,6.81917,0.0238482918764493,2,2,1,50538.60580484015,0.0003948487082235,11.330828682124096,-0.017426627195685107,-1,111.22033857614484,0.00024580627076437,0.666751403191093,0.666751403191093,-4.283574242972308e-06,0.14793688797319482
2021-01-23 06:00:00,33365.36,33451.56,32783.9,32826.58,10.978161,-0.015855200648664,2,2,1,50877.075522594976,0.0001562967994904,16.695125794889442,-0.03843517223280701,0,115.20100819580037,0.00026349485060281146,-0.07443549258643721,0.07443549258643721,-1.0127469965376812e-05,-0.39893217123937125
2021-01-23 07:00:00,32832.09,33131.31,32681.71,32955.98,2.619672,0.003934178508766,2,2,1,46711.83269369776,-5.735516812296932e-05,2.462706340601102,-0.11043881547318002,-1,113.62527253647106,0.0002601100085491894,-0.70469015134122,0.70469015134122,-2.8726241236891204e-05,-1.5399086354330858
2021-01-23 08:00:00,32870.5,32962.75,32621.74,32944.07,3.662531,-0.0003614564823433,2,2,1,48490.7807496851,0.0001506199449867,2.737221811805115,-0.013077535798736606,-1,123.44516843253315,0.00023538712116137687,-0.07457291642114193,0.07457291642114193,-3.078283503549457e-06,-0.3218457246587819
2021-01-23 09:00:00,32953.67,33097.76,32350.37,32447.24,7.921129,-0.0151958894973631,2,2,1,50702.36509218459,0.0006425103357136,6.668857960706739,-0.01690389097595102,0,133.70541950040507,0.00031249769891715377,1.2723706346584827,1.2723706346584827,-5.2824270327311345e-06,1.486424323159919
2021-01-23 10:00:00,32487.74,32538.52,32195.4,32338.08,6.488598,-0.0033699024193722,2,2,1,49394.87732699158,0.0001343996691581,7.99997838865814,-0.022358603480181594,0,141.75969392969503,0.0003061268745947413,-0.3052250231160887,0.3052250231160887,-6.844569403691097e-06,0.10395821162023833
2021-01-23 11:00:00,32327.06,32525.25,31502.16,31647.43,12.131661,-0.021588538522991,2,2,1,50557.04174819623,4.162809285086265e-05,20.28930856594368,-0.0392100556909446,-2,153.38559479851128,0.0002781007797789991,-0.5351705594996878,0.5351705594996878,-1.0904347062829675e-05,1.0065081859742764
2021-01-23 12:00:00,31627.61,31990.25,31490.47,31603.96,8.127121,-0.0013745154642119,2,2,1,50650.18337837675,6.010177417042421e-05,13.905851626118748,-0.0225265921120279,1,152.79632306110216,0.00019038126955882713,-0.4578715187203947,0.4578715187203947,-4.288641205121732e-06,1.061071806529498
2021-01-23 13:00:00,31594.87,32259.49,31400.0,31898.91,9.987897,0.0092894107309078,2,2,1,51000.4227326139,0.000233676218035,15.019696983747052,0.030568751973210517,-2,164.68149022205873,0.00017023470828526465,0.0679167107963709,0.0679167107963709,5.2038625748041005e-06,2.066482682720722
2021-01-23 14:00:00,31854.71,31985.75,31655.28,31735.2,7.267277,-0.0051453649994339,2,2,1,50980.19675263198,0.0001114739172486,6.26569022712954,-1.4300537185540918e-06,-2,175.1522643063369,0.00016463184800503963,-0.39434613500869037,0.39434613500869037,-2.3543238643203897e-10,1.7686304143015497
2021-01-23 15:00:00,31713.1,32192.99,31630.02,31884.53,6.450002,0.0046944642564312,2,2,1,52822.50723926088,0.0004100696094862,4.838290265047189,0.06618712159752471,0,193.25836081973782,0.0002230599452061858,0.9674881069364736,0.9674881069364736,1.4763695716899019e-05,2.7261445765302086
2021-01-23 16:00:00,31884.53,32314.25,31758.0,32146.6,8.985748,0.0081857516294068,2,2,1,48756.38290566896,-0.0003488528474089,14.088444624501488,-0.05694492054722977,0,174.08925093508694,0.00016062584615673579,-2.1245078357231035,2.1245078357231035,-9.146826047226872e-06,-0.8097468702060868
2021-01-23 17:00:00,32194.92,32407.97,32067.9,32269.4,4.515041,0.0038127219560486,2,2,1,49279.53844541794,0.0004841557295498,4.132922696650583,-0.10364198155885118,-1,175.60559426996656,0.0001408315203862608,1.2281744388036075,1.2281744388036075,-1.4596057838777816e-05,2.353193988762171
2021-01-23 18:00:00,32228.07,32331.81,31813.81,32159.66,4.59879,-0.003406540654895,2,2,1,49018.54370578633,-0.000103375000386,5.7815310707161816,-0.04247735694094945,-1,179.81355773969327,0.00011110968669324832,-1.0735937800190174,1.0735937800190174,-4.7196458212661705e-06,0.7616031058507129
2021-01-23 19:00:00,32159.66,32515.92,32159.66,32365.27,5.122631,0.0063730621922264,2,2,1,47507.92298173292,-0.000222913809333,4.5987560246366135,-0.032516086762210406,-1,184.5996840416348,7.804194892026546e-05,-1.4990622040507202,1.4990622040507202,-2.5376187821833443e-06,0.18332157946538108
2021-01-23 20:00:00,32354.27,32409.51,32046.51,32162.25,4.362706,-0.0062925297577454,2,2,1,48910.273739212826,0.0001811353696102,4.942681606883997,0.030696776817650484,-1,195.80624389551298,9.317114835023744e-05,0.08236096421209213,0.08236096421209213,2.8600539467514427e-06,1.6773261139305433
2021-01-23 21:00:00,32184.43,32453.27,31818.19,32323.23,9.894293,0.0049927622281682,2,2,1,55339.46420836607,0.0001274357339631,15.80363468414681,0.10899663707055107,2,217.5104024610269,7.989108784124995e-05,-0.1485066900039236,0.1485066900039236,8.707859906604237e-06,1.076701046027937
2021-01-23 22:00:00,32424.24,32494.13,31990.16,32041.58,3.89391,-0.0087517324356287,2,2,1,49750.98642244847,0.0003317445229432,6.983435712124857,-0.06665498444484774,0,195.22404764277675,0.00010742491355307495,0.6006281665881522,0.6006281665881522,-7.160405941869325e-06,1.616997260216933
2021-01-23 23:00:00,32041.58,32110.3,31847.18,32110.3,1.461779,0.0021424165990175,2,2,1,50929.02631325733,0.000128839463844,1.560307662043681,-0.06980335989911046,0,212.80407442844015,7.227114534779996e-05,-0.22389442964409775,0.22389442964409775,-5.044768769033403e-06,0.7973193499551999
2021-01-24 00:00:00,32064.71,32064.71,31617.18,31846.49,4.103945,-0.0082496790779913,2,2,1,51065.57770736004,0.0002841592482325,6.482813458630215,0.06334912966196393,-2,229.2198262968472,0.00015139765730297496,0.40673019526510784,0.40673019526510784,9.590909823003742e-06,1.3310049700641724
2021-01-24 01:00:00,31858.13,32073.37,31790.86,31911.45,2.574157,0.0020377076949955,2,2,1,51031.35272765744,0.0003214015570834,2.0572438208989534,-0.04253062533117202,0,246.6363002484498,0.00013105338574467495,0.5079795563568087,0.5079795563568087,-5.573782447488331e-06,1.3317365423363592
2021-01-24 02:00:00,31844.63,32299.33,31795.29,32131.74,4.41379,0.0068794470981501,2,2,1,48719.35756241494,0.0002963148211993,6.740124763454687,-0.051359709969589606,0,251.3895135911865,0.00018101461344283745,0.3874637453247821,0.3874637453247821,-9.296858046681508e-06,0.5574227571221062
2021-01-24 03:00:00,32113.65,32462.45,32046.51,32462.45,3.199911,0.0102397100921738,2,2,1,49545.54581356903,0.0001545418199173,2.879669750706781,0.029413345941695868,-1,261.09461812072095,0.00022819656709912494,-0.16106213325519045,0.16106213325519045,6.712024570793975e-06,-0.21156512561497387
2021-01-24 04:00:00,32500.0,32863.19,32347.37,32804.74,7.384252,0.0104889803953955,2,2,1,48263.53550055419,7.558148334906977e-05,6.206531336847193,-0.030488222254950514,-1,253.38959641878714,0.0002150023313164837,-0.41269895032582077,0.41269895032582077,-6.555038862509462e-06,-0.6874660207208743
2021-01-24 05:00:00,32863.78,32975.89,32727.27,32867.2,4.776491,0.0019021828450096,1,1,1,50588.43372883196,0.0004137835497678,8.323000420999572,0.0009859378429279975,0,269.8570434455158,0.00025079580829207113,1.1196813862566561,1.1196813862566561,2.472690782428682e-07,1.4941859612363158
2021-01-24 06:00:00,32929.29,33073.47,32563.25,32735.91,8.00651,-0.0040025594907735,0,0,1,52281.5815209739,0.0002626580371704,9.333845512731664,0.02760587128784886,2,290.28785478473475,0.00024215999757047117,0.4123992975448408,0.4123992975448408,6.68503772399622e-06,0.3099315354561068
2021-01-24 07:00:00,32828.28,32833.15,32520.5,32762.72,3.01651,0.000818643122681,1,1,1,48911.20088771494,0.0003126207618996,2.8196441955422205,0.047083748746041154,0,271.03702187519065,0.00026513265982742117,0.5783955378234209,0.5783955378234209,1.2483439539683898e-05,0.45313602599291014
2021-01-24 08:00:00,32785.63,33012.52,32579.2,32670.98,2.923688,-0.0028040615190878,0,0,1,49879.26712798926,0.0002046173378496,2.161381895024709,0.02863402809436466,0,277.2862847656954,0.0002551899210295587,0.07151429106472341,0.07151429106472341,7.307115368159083e-06,-0.06758283403381656
2021-01-24 09:00:00,32683.13,32750.76,32570.33,32640.5,6.229492,-0.0009333734961387,1,1,1,47384.26935150194,8.532040240094769e-05,9.636383592884698,-0.06544262254137156,0,259.14118919866513,0.00022567977669425213,-0.411927621050127,0.411927621050127,-1.4769076441422965e-05,-1.4730078919409497
2021-01-24 10:00:00,32633.67,32732.52,32461.52,32696.78,1.132095,0.0017227535005837,0,0,1,52492.55806594657,0.000518157373552,1.520205167944911,0.06271259099295867,0,297.6251215108885,0.00025341009573833965,1.6160408362575025,1.6160408362575025,1.5892003687524993e-05,0.04414224172775083
2021-01-24 11:00:00,32692.39,32886.49,32692.39,32832.45,3.918967,0.0041407534881141,1,1,1,50283.47258121321,-0.0005017357252517,5.4936737008994445,-0.005411099176758638,1,311.20678208260176,0.00017137540259221464,-2.6493567729046084,2.6493567729046084,-9.273292998834128e-07,-5.310820049051163
2021-01-24 12:00:00,32795.47,32929.26,32264.09,32341.65,3.861116,-0.0150614823390995,2,2,1,50131.14817807257,0.0001778528663765,6.711129335943847,-0.010247449578351553,1,324.72348069339415,0.0001841593254706434,0.05527848117750653,0.05527848117750653,-1.887163402143651e-06,-1.688927400793081
2021-01-24 13:00:00,32357.59,32411.46,32121.21,32231.28,6.870216,-0.0034184636652234,2,2,1,51287.76596417129,0.0007147832536067,10.567401756734426,0.005634134310295469,-2,342.08094352741875,0.0002217842884505059,1.9459730706374294,1.9459730706374294,1.2495624690434623e-06,0.9363655241422424
2021-01-24 14:00:00,32212.78,32330.86,31956.66,32068.34,5.040907,-0.0050681589961527,2,2,1,48088.82734832045,7.907160843206068e-06,5.174824462435478,-0.05671554031737347,0,323.09535818505435,0.00018994042890960666,-0.6259191170131851,0.6259191170131851,-1.0772574053722006e-05,-1.559624731236343
2021-01-24 15:00:00,32041.12,32240.92,31881.34,31910.55,4.888592,-0.0049325744764541,2,2,1,51634.8691906884,0.0005189633770581,4.92461802434767,-0.022483560713864703,0,346.7191185905197,0.00021573325580441917,1.1970109639980402,1.1970109639980402,-4.8504517548783635e-06,0.7856884962124042
2021-01-24 16:00:00,31956.58,32121.21,31525.4,31726.6,6.078946,-0.0057812303769324,2,2,1,52624.50295190158,2.9044817414631765e-05,5.805381044284338,0.07933566470089537,-2,374.17573774454047,0.00019378669075004813,-0.6631333378398963,0.6631333378398963,1.537419592084192e-05,-0.3922185909748802
2021-01-24 17:00:00,31717.17,31987.8,31717.17,31845.69,3.969414,0.0037466052994474,2,2,1,48378.09536198495,0.000252652756987,5.95792121620556,-0.0182924416881749,0,339.57609357755933,0.0002147032350733047,0.24756409357124787,0.24756409357124787,-3.927446407840934e-06,0.4976882614372103
2021-01-24 18:00:00,31852.73,31944.66,31791.57,31856.72,22.863149,0.0003462977337989,2,2,1,50552.00903097956,0.0001206278729042,26.342789368913092,0.03128337174595042,-2,310.0829031890981,0.00016501204749232967,-0.3247891200784191,0.3247891200784191,5.162133224262974e-06,-0.2027032233466018
2021-01-24 19:00:00,31818.18,31829.13,30895.25,31280.88,59.520938,-0.0182413005003976,2,2,1,52501.99286602879,0.0002106666019619,89.76116205692175,0.10512077924804508,-2,211.53968416124025,0.0002540623383940297,-0.031828779106935434,0.031828779106935434,2.6707230989560924e-05,1.3681375762091363
2021-01-24 20:00:00,31278.47,31760.64,31278.47,31691.33,4.966611,0.0130360936238567,2,2,1,49981.95824330593,-4.142045564585661e-05,6.158986235763714,0.021911235046593314,-2,200.40390513429094,0.0002266531731412351,-1.0748477558941125,1.0748477558941125,4.966250950753813e-06,-0.5792726071130185
2021-01-24 21:00:00,31645.08,31961.8,31568.5,31950.97,4.96179,0.0081593984025225,2,2,1,51934.192563422905,2.440825814677292e-05,8.00569492134615,-0.061534235895770895,2,214.95213795735663,0.00014035629870874422,-0.76517391508638,0.76517391508638,-8.63671759420115e-06,-0.38935772743154995
2021-01-24 22:00:00,31915.63,32328.08,31672.47,32124.07,2.199153,0.005403053079906,2,2,1,50172.56108120393,0.0002080256632029,3.867100073396776,0.008473694474633309,-1,210.3743356200568,0.00016537111150370594,0.03797242598405238,0.03797242598405238,1.4013042738129218e-06,-0.35983568233112834
2021-01-24 23:00:00,32189.44,32355.8,32020.2,32276.8,4.896994,0.00474311251795,2,2,1,48663.81847005623,-0.0001697873252367,4.41707517318707,-0.04447773710159164,0,201.6329003389589,7.927727371685595e-05,-1.4543506294684247,1.4543506294684247,-3.52607373850924e-06,-1.9477864462608903
2021-01-25 00:00:00,32276.46,32828.28,32164.88,32581.0,47.107489,0.0093805904820118,2,2,1,51139.523669030656,0.0001934971156154,35.48382458720262,0.0014480588488468005,2,189.16070643593653,9.983381099195198e-05,0.04323426747340279,0.04323426747340279,1.4456523342099504e-07,-1.4505954350016725
2021-01-25 01:00:00,32581.0,32899.49,32447.23,32881.41,42.657956,0.0091781561002388,2,2,1,51923.28636309956,-0.0001894656513136,72.44775673558982,0.017478149956207778,-1,152.38383302500205,4.456900995437698e-05,-1.383750952684442,1.383750952684442,7.789838393823181e-07,-3.1547679008032814
2021-01-25 02:00:00,32859.33,32992.1,32636.24,32786.2,7.619443,-0.0028997573298372,2,2,1,53109.04256695663,0.0001776764093787,9.076417790404438,0.09010145503084721,2,154.80236975019093,5.170007701368949e-05,0.08315898899519472,0.08315898899519472,4.658252164140281e-06,-0.9822577206953271
2021-01-25 03:00:00,32828.28,33660.29,32592.52,33550.21,10.249284,0.0230354275621955,2,2,1,49789.71245299478,0.0002869473066759,15.408383766401366,0.004928124928616384,0,140.0140434444467,6.123516510293949e-05,0.4919055442221215,0.4919055442221215,3.0177454365173616e-07,-1.1717158425905003
2021-01-25 04:00:00,33576.66,33801.01,33299.84,33418.62,8.232406,-0.0039298930370126,2,2,1,48987.76509355854,0.0003445543678884,9.837873139802095,0.015005730216262947,0,136.36634533303837,0.00010948201804472155,0.6697790287823405,0.6697790287823405,1.6428576263111235e-06,-0.12298917759126438
2021-01-25 05:00:00,33457.02,33457.02,33167.45,33271.99,6.493493,-0.0043973277879967,2,2,1,51665.6876550388,-0.0002083225677055,9.303574118040569,0.021294470826695555,2,143.4293239597176,8.039066481318745e-05,-1.3605668330238163,1.3605668330238163,1.711876666603081e-06,-1.744321662101575
2021-01-25 06:00:00,33333.33,33554.99,33161.32,33478.17,2.338863,0.0061776827416331,2,2,1,50600.164077628615,0.0001031170056155,2.5319381061688744,-0.03216079916539538,-1,143.17486231913296,6.727708261476246e-05,-0.14489530924857716,0.14489530924857716,-2.1636847424070888e-06,-1.044681898693993
2021-01-25 07:00:00,33535.35,33554.99,33079.29,33374.24,2.092977,-0.0031092397036243,2,2,1,51102.96765599507,0.0001539187930671,3.441396828339914,0.04481114199816405,-1,144.34362252134815,0.00010774034740273746,0.07624727490954805,0.07624727490954805,4.8279680063955936e-06,-0.5430442615114112
2021-01-25 08:00:00,33374.24,33492.86,33208.27,33455.49,3.835418,0.0024315537420918,2,2,1,48465.01047428796,-5.217844274986364e-05,3.340802053514957,-0.02835359729870013,-1,136.43802006150526,7.703090260707949e-05,-0.6752909827885735,0.6752909827885735,-2.184103192076522e-06,-1.521144377501031
2021-01-25 09:00:00,33476.66,33555.46,32881.21,32964.48,3.280846,-0.0147852805328838,2,2,1,49356.15808017899,0.0004206848406036,2.450952232273685,0.041614838756916406,1,141.81545560350284,0.0001532997140967295,1.0605244559732563,1.0605244559732563,6.3795428836167834e-06,1.0171353042934137
2021-01-25 10:00:00,32984.33,33144.21,32772.78,33116.69,2.462898,0.0046067667744704,2,2,1,51047.40873483831,-1.651780011991232e-05,1.9541017881552185,-0.02753055641321034,0,146.4923053405653,0.00012902543790940297,-0.5148274663006254,0.5148274663006254,-3.5521420971039864e-06,-0.7183108733970165
2021-01-25 11:00:00,33150.06,33331.12,33092.74,33181.3,4.005753,0.0019490793145919,2,2,1,50955.35402203791,0.0001053249382166,6.766427966418734,0.01336187431644742,1,145.6959841191249,0.00010632264185199045,-0.1602509528253205,0.1602509528253205,1.4206697774189488e-06,-0.3106014157176779
2021-01-25 12:00:00,33248.44,34296.85,33103.37,34169.89,10.889352,0.0293583827000638,2,2,1,52113.81045077854,0.0001005795206183,15.076933240700692,0.039549508534360456,2,145.5272964864726,7.582578594322795e-05,-0.16719715331001114,0.16719715331001114,2.998872568286283e-06,-2.614233884012379
2021-01-25 13:00:00,34190.94,34686.66,34104.67,34528.8,8.713613,0.0104489114849037,2,2,1,50788.08979852558,0.000486697236249,6.294069796196227,-0.009742599550831899,0,143.53810903587294,0.00016270326143754044,1.8172031923407246,1.8172031923407246,-1.5851527218002666e-06,-0.7597221802350227
2021-01-25 14:00:00,34537.55,34860.0,34353.15,34466.7,4.809948,-0.0018001178850557,2,2,1,49857.24300922251,0.0001235671875444,5.69537781270436,0.03677394019390312,2,140.7003372024884,0.00016525953417865296,-0.046306412220070994,0.046306412220070994,6.077244226358072e-06,-2.3296286124410663
2021-01-25 15:00:00,34470.13,34582.7,34205.68,34454.71,8.538747,-0.0003479325254946,2,2,1,48136.19839573583,-0.0004686279952802,15.271005349283042,-0.06775790952489724,0,131.98958478464806,8.744118563524046e-05,-2.6167815736827986,2.6167815736827986,-5.924831945022367e-06,-4.7261073831224305
2021-01-25 16:00:00,34507.39,34614.7,33647.35,33898.35,15.174651,-0.0162793673627597,2,2,1,53769.11020764311,-0.0006592703909951,22.4183950200026,0.021750462076339128,2,141.0115547349005,1.1554692104585914e-05,-2.7430578997665145,2.7430578997665145,2.5131989242457106e-07,-4.30031827526352
2021-01-25 17:00:00,33900.0,34250.0,33704.38,33742.93,7.354806,-0.0045954267427372,2,2,1,48514.74915095998,0.0002332987237551,9.403661475476568,0.002824703782828175,0,126.09234690176605,-1.1868572501476597e-05,0.6521687131027868,0.6521687131027868,-3.35252016416914e-08,-0.5098541379916864
2021-01-25 18:00:00,33777.28,34024.43,33528.07,33695.25,10.226159,-0.0014140360236503,2,2,1,48984.09808594319,0.0003004595284886,7.716565781592016,-0.031015798879041934,1,133.78900441056854,2.775359357458744e-05,0.8652519634688729,0.8652519634688729,-8.607998764800746e-07,-0.14813422800207987
2021-01-25 19:00:00,33654.77,33788.41,33371.91,33448.09,7.549557,-0.0073621930746128,2,2,1,53187.43754679231,-9.269526256208868e-05,13.394353015596694,0.013055593575516111,-2,183.5551767108941,3.001068477251356e-06,-0.5598072326884864,0.5598072326884864,3.918073033128672e-08,-1.8931383480745374
2021-01-25 20:00:00,33408.27,33483.33,33071.42,33460.0,13.954165,0.0003560107641931,2,2,1,47744.13332005409,-0.0002133965372276,18.933667546727964,-0.04477265401164132,0,157.8123613015452,-3.624593875348614e-05,-0.9666779605374367,0.9666779605374367,1.622826875136977e-06,-1.7593047261123789
2021-01-25 21:00:00,33460.0,33460.0,32185.62,32694.9,22.510903,-0.0231315931217626,2,2,1,47620.61505332681,0.0001545776354084,33.65836130811613,-0.08305852651561463,0,145.10074322672216,-7.776088885856114e-05,0.3644496717190648,0.3644496717190648,6.458704849136563e-06,0.863322995662064
2021-01-25 22:00:00,32710.84,32710.84,31937.89,32468.76,14.873237,-0.0069407061490114,2,2,1,46436.67702325799,0.0001853285234461,17.956735367217824,-0.07446070077824896,1,135.6688223310333,-7.004072187084863e-05,0.48149421073135873,0.48149421073135873,5.215281233517817e-06,1.5075684998592411
2021-01-25 23:00:00,32424.24,32644.12,32222.22,32222.22,10.122655,-0.0076221196091221,2,2,1,54130.48286898198,9.007340176863028e-06,11.690832570489022,0.11233529490271077,-2,154.85611561381413,-1.0336304938715765e-05,-0.19598040897993707,0.19598040897993707,-1.1611318634949813e-06,1.2938378235456167
2021-01-26 00:00:00,32218.2,32673.39,31787.3,32459.26,9.779798,0.007329487858831,2,2,1,46435.56348772206,-0.0001471162654928,12.736375897889596,-0.0919828704653588,0,142.08909675768678,5.3682960749071735e-05,-0.7200978877952086,0.7200978877952086,-4.937912824778807e-06,0.7394748280152715
2021-01-26 01:00:00,32439.29,32818.35,32208.29,32741.48,5.588885,0.0086570110263153,2,2,1,51059.55098427721,0.0001456464639183,5.080224279957297,-0.01663483649286479,1,196.8079737532247,4.2726428269471736e-05,0.3167586214144306,0.3167586214144306,-7.107471481867782e-07,1.6807522524260372
2021-01-26 02:00:00,32695.77,32734.35,32250.05,32322.86,5.766568,-0.0128680557270417,2,2,1,51500.82953755899,0.0003437989254441,9.008721233467986,-0.030281341023425723,0,198.56068415357674,4.814385288890924e-05,1.015540240611501,1.015540240611501,-1.4578604275107005e-06,2.5959194354343023
2021-01-26 03:00:00,32300.0,32347.19,31467.69,31511.97,14.843381,-0.0254072461870134,2,2,1,48751.52718810608,-0.0001054266164396,19.11361428077555,-0.020851401097542466,0,185.3135008968234,4.6552433654220325e-05,-0.5843312236788614,0.5843312236788614,-9.706834661908825e-07,1.9703312188751498
2021-01-26 04:00:00,31511.99,32166.66,31444.44,31999.5,9.693757,0.0153528040277812,2,2,1,51992.911372266506,-0.0001307536349558,9.268161903432764,0.061344833204140414,0,198.0635187762927,5.688279643819532e-05,-0.6163266281931061,0.6163266281931061,3.4894656596861643e-06,1.1909712020448
2021-01-26 05:00:00,31956.71,32326.11,31793.88,32121.21,3.928456,0.0037962819242398,2,2,1,48949.80259221681,0.0005336700434101,3.241734569621974,-0.05256651340741647,1,190.87880567230988,0.00010426934743840782,1.6927459672350917,1.6927459672350917,-5.481076050103631e-06,3.1646277670282164
2021-01-26 06:00:00,32054.31,32079.86,31320.39,31590.59,4.730966,-0.0166572681658543,2,2,1,50379.29112084496,0.0002523413950461,7.235325466297612,-0.004365064042970324,0,192.9148617802303,0.00011264595638840783,0.6523616349541181,0.6523616349541181,-4.917068138170422e-07,2.4458003272562716
2021-01-26 07:00:00,31558.29,31746.56,31068.72,31689.1,13.351483,0.0031134817372748,2,2,1,51657.47039714763,0.0002089712293074,11.232095155138998,0.010850695499432739,-2,192.07912342864012,0.00013764144252972495,0.48798098351102726,0.48798098351102726,1.4935053809927165e-06,1.9923583304888193
2021-01-26 08:00:00,31740.0,31971.89,31503.59,31881.92,7.841578,0.0060663047821218,2,2,1,48726.10038852628,0.0001313626791428,8.116043118431477,0.005387183695685804,1,178.01846947572056,0.00017245131060917494,0.1858381884006679,0.1858381884006679,9.290268888133956e-07,1.494539491405223
2021-01-26 09:00:00,31885.0,32087.75,31378.61,31782.34,16.471755,-0.0031282883429106,2,2,1,49620.03095391913,4.310360580593695e-06,19.875044978036897,0.005346300927869585,2,170.43484571446584,0.00015478429769196164,-0.21226865542809936,0.21226865542809936,8.275234343701766e-07,0.7939340010037911
2021-01-26 10:00:00,31843.32,32447.9,31843.32,32190.73,15.021293,0.0127677332913158,2,2,1,50845.2124938057,-0.0003643321600477,12.132402952974616,-0.003960950145048492,0,168.74374590965806,6.626791200548665e-05,-1.4469146449735013,1.4469146449735013,-2.6248389567019306e-07,-0.6522262280163297
2021-01-26 11:00:00,32211.49,32216.46,31645.83,31790.01,19.11044,-0.012526433416852,2,2,1,53316.27846629394,0.0006571470426888,27.00692278238036,0.046333196767408324,-2,165.8068107987473,0.00016158961939653668,1.8894835771176761,1.8894835771176761,7.486963631070355e-06,2.901513959467189
2021-01-26 12:00:00,31751.27,31986.55,31228.25,31273.71,12.991694,-0.0163742809870939,2,2,1,50331.41779491949,-0.000162691263229,23.030051918522368,-0.03420192537144284,0,152.74637177048874,0.00015759741586238664,-0.7071984550390622,0.7071984550390622,-5.39013505605759e-06,0.9654374314035057
2021-01-26 13:00:00,31288.61,31919.19,31207.11,31745.38,9.193996,0.0149693944399107,2,2,1,48084.84209365223,0.0002504849062076,10.14128620931829,-0.05322601648530256,-1,144.2443022476469,0.00012219927371207416,0.661745314335433,0.661745314335433,-6.5041805570908595e-06,2.119328590370684
2021-01-26 14:00:00,31752.51,31768.78,30831.41,31242.25,10.406388,-0.0159758575144817,2,2,1,48391.74789213429,-8.004272951585879e-05,15.224748548356375,-0.029393825824206465,0,141.13058338964814,8.065125814182932e-05,-0.39805384860522075,0.39805384860522075,-2.3706490343240447e-06,1.1626208082470961
2021-01-26 15:00:00,31248.02,31879.2,31248.02,31730.53,8.48228,0.015507963465513,2,2,1,51315.89452209011,0.0002361648219643,13.80015542316562,0.06605623693448859,0,150.30336176144831,8.405045722394182e-05,0.5784905533315237,0.5784905533315237,5.552056916836799e-06,1.7848240971547733
2021-01-26 16:00:00,31724.89,32133.69,31294.42,31999.76,20.11746,0.0084490938807633,2,2,1,49499.35372320416,0.0004938794768505,14.755270583886594,-0.07940909693223852,0,148.3116232108126,0.00012936505693740433,1.480442327700367,1.480442327700367,-1.0272762345986896e-05,2.1738052801591854
2021-01-26 17:00:00,31983.43,32220.09,31912.37,32162.31,15.268621,0.00506686731784,2,2,1,52772.548947769465,0.0005858060554588,14.889585126961324,0.08776299726008663,-1,155.56189279380285,0.0002020520187971801,1.6753456522085302,1.6753456522085302,1.773269077209189e-05,2.115571420809292
2021-01-26 18:00:00,32208.37,32353.4,31883.99,32258.64,6.16888,0.0029906442484186,2,2,1,50830.78361204246,0.0004554056377726,7.1666074620771,0.03769969435507914,0,150.08129999014514,0.0003045192435247176,1.1435637338360485,1.1435637338360485,1.1480282406121766e-05,1.42115896325471
2021-01-26 19:00:00,32284.6,32383.5,32053.05,32168.72,5.128514,-0.002791362501453,2,2,1,48407.04205588029,0.0003882362211628,5.90195597041317,-0.08987828162818357,0,146.15832639396518,0.0002709053908339676,0.8281603348359231,0.8281603348359231,-2.434851101196848e-05,0.9036442282655517
2021-01-26 20:00:00,32218.52,32398.9,31876.86,31989.43,10.364011,-0.0055890161018705,2,2,1,47997.84515849774,5.287940580212873e-05,9.197480447753584,0.005313989820338483,-1,149.31215188444236,0.0002978517244628587,-0.4440937256775125,0.4440937256775125,1.5827810317658938e-06,-0.3027587372215857
2021-01-26 21:00:00,32020.2,32310.53,31914.11,31950.03,5.250646,-0.0012324159442975,2,2,1,51148.58189179876,0.000365503444928,6.964244485628537,0.07408486502161393,-1,173.52288833665943,0.0003122290418029087,0.6927745710070127,0.6927745710070127,2.3131446417796344e-05,-0.000899086605316346
2021-01-26 22:00:00,31969.1,32724.28,31919.19,32675.17,5.306456,0.0224423424609128,2,2,1,48740.966971146816,0.0001697380069735,8.301039456281336,0.04962219727166772,-1,170.95499920496832,0.00034345163386407856,-0.0341962861610262,0.0341962861610262,1.7042824728879903e-05,-1.8307321303186486
2021-01-26 23:00:00,32724.28,32920.0,32457.97,32457.97,12.288318,-0.0066694406292544,2,2,1,49345.94363427893,0.0005701327703165,21.999508888352025,-0.08838899971174474,0,167.03736137129852,0.00038519762740810354,1.326734208206434,1.326734208206434,-3.404723297793962e-05,-0.44909663576981074
2021-01-27 00:00:00,32493.78,32555.7,31876.4,32333.33,10.148891,-0.0038474348794128,2,2,1,48600.657380262805,-0.0003295509513245,12.167928928134987,0.04662576977478072,0,164.83171771497797,0.0002822688238862285,-1.8110097873626714,1.8110097873626714,1.3161001197117417e-05,-3.1796304781332174
2021-01-27 01:00:00,32352.43,32464.58,31967.76,32131.3,5.164375,-0.0062679538045298,2,2,1,49530.63065487332,-0.0002226635066534,7.7442883772913795,-0.02994386554387618,-2,166.48155823757145,0.00018121012862220355,-1.3325107577876365,1.3325107577876365,-5.426131726651772e-06,-2.207527445900769
2021-01-27 02:00:00,32020.2,32239.04,31735.76,31735.76,7.119601,-0.0123865121442356,2,2,1,49966.08957581672,0.0004998411096528,11.815747071976784,-0.02980029594713618,-2,166.37547478430264,0.00018676456260722853,1.0226779933098624,1.0226779933098624,-5.565639238132854e-06,0.11792805345676738
2021-01-27 03:00:00,31774.58,31902.89,31573.49,31788.25,12.423095,0.001652603856284,2,2,1,46622.40320448944,-0.0002655006192328,19.500281305935648,-0.04367296998515535,0,155.04215711929385,0.00010504745755777856,-1.4105281264720722,1.4105281264720722,-4.587734460937744e-06,-3.115219985942702
2021-01-27 04:00:00,31745.81,32013.02,31501.97,31936.89,4.221411,0.0046650433272112,2,2,1,51866.19861336684,-3.501675442695521e-05,5.996321639969357,-0.002437116052078858,0,174.3776350400197,9.406043752914306e-05,-0.6998704758124924,0.6998704758124924,-2.292362021678352e-07,-1.9212621072261684
2021-01-27 05:00:00,31896.04,31896.04,31375.03,31488.61,11.233629,-0.0141358748356648,2,2,1,50908.27409552808,0.0001413906742522,13.963468128574169,0.04000979369879376,0,165.20196264500706,6.604634119466806e-05,-0.08401607404099189,0.08401607404099189,2.642500485758813e-06,-0.6721733148221666
2021-01-27 06:00:00,31509.48,31717.17,31380.34,31655.18,2.617639,0.0052759071438543,2,2,1,52295.4899052754,0.0001389148511086,2.760092040283801,0.03803544555309535,0,172.20444931395858,6.219344671155554e-05,-0.07671154295362025,0.07671154295362025,2.365555456156708e-06,-1.2906313317426594
2021-01-27 07:00:00,31709.71,31869.44,31574.69,31683.23,7.281521,0.0008857185342598,2,2,1,49432.83422676401,2.1301052510087944e-05,8.324720905116644,-0.04306513952929547,0,164.35143177009058,-6.4105180142459625e-06,-0.43831869936724216,0.43831869936724216,2.760698527385645e-07,-1.4883460389719845
2021-01-27 08:00:00,31687.49,31717.17,31150.94,31166.87,7.325491,-0.0164318471502422,2,2,1,50029.50306294329,0.0002510932951234,8.88997812216696,0.026749579055662,0,165.90829750367203,6.617001279174154e-05,0.3020839133397044,0.3020839133397044,1.770019988286856e-06,0.007908999056384702
2021-01-27 09:00:00,31134.0,31283.44,30785.83,31179.64,16.167241,0.0004096460308229,2,2,1,53981.19199415407,0.0003416081789178,12.948881554564071,0.08789113904997436,0,183.2212617370532,0.00013670397348814153,0.5530374857310889,0.5530374857310889,1.2015067942530257e-05,0.16989275731264508
2021-01-27 10:00:00,31200.25,31400.08,31111.11,31313.13,7.145275,0.0042721807029195,2,2,1,51248.78747531907,0.0002326798178215,5.5543866947169125,0.007937325103372084,1,177.91940843504034,0.00010330881200922904,0.12226978164176128,0.12226978164176128,8.199956269604011e-07,0.010081344060209885
2021-01-27 11:00:00,31374.66,31594.68,30588.82,30674.54,10.548954,-0.0206045038436482,2,2,1,51820.36180235613,0.0004009448445657,18.59601647774581,-0.028057409612404105,-2,185.31492351077583,0.00018661449498404156,0.7951329302511366,0.7951329302511366,-5.235919325379185e-06,0.9471843171888256
2021-01-27 12:00:00,30616.97,30884.56,30335.49,30800.0,17.213926,0.0040816954200142,2,2,1,47879.76064370095,-0.0003122583181151,29.59261949142948,-0.04871027399244077,0,167.29674081364246,0.00015195929952302342,-1.7725210349685088,1.7725210349685088,-7.401979115465845e-06,-2.206575783301716
2021-01-27 13:00:00,30707.07,31025.96,30253.84,30317.59,17.810443,-0.0157866178526244,2,2,1,48698.393937125926,0.00028637903986,25.01689128839761,0.012759776610656415,0,161.74987580329892,0.00017008284522399843,0.3713963422646122,0.3713963422646122,2.17021911036307e-06,1.08621281786779
2021-01-27 14:00:00,30233.0,30512.55,29250.0,29576.23,44.00534,-0.0247570739472102,2,2,1,50150.124965739255,9.103557224899374e-05,63.54844474341196,0.03633630009654554,-2,143.53380468432093,0.00016409793536654766,-0.3607883587847905,0.3607883587847905,5.962711824702409e-06,0.8936759015011142
2021-01-27 15:00:00,29546.73,30456.69,29464.63,30354.67,18.925039,0.0259793789879836,2,2,1,49006.3693410892,-0.0002975646139435,22.248699636103467,-0.04500603960059035,0,136.94880032991568,0.00012423972705984918,-1.5973261295696568,1.5973261295696568,-5.591538076022109e-06,-0.593354512104274
2021-01-27 16:00:00,30328.37,30944.87,30208.81,30540.53,17.769411,0.0061042767616807,2,2,1,50209.78683803842,0.0001487547319462,22.465908398147743,0.014352371524018803,0,137.35217289909176,0.00011144740666269917,-0.016053055124397145,0.016053055124397145,1.599534585811467e-06,1.1553910276220216
2021-01-27 17:00:00,30574.78,30843.56,30108.11,30357.81,13.596359,-0.0060008383910918,2,2,1,51075.82564782265,-0.0003557671421538,19.91437787658205,-0.03215162681692929,0,137.82676046385467,2.4275491528749174e-05,-1.6453947882379771,1.6453947882379771,-7.804965444298718e-07,-0.009989138628711425
2021-01-27 18:00:00,30513.1,30520.23,29527.93,29721.21,18.517838,-0.0211928831931125,2,2,1,52488.34642223639,0.000587931363246,15.762340292415876,0.032609428625869796,0,138.4275342247331,6.868193470681167e-05,1.5951936470623154,1.5951936470623154,2.2396786477084245e-06,3.9547669507019534
2021-01-27 19:00:00,29826.02,30858.28,29826.02,30750.7,21.601546,0.0340518258759132,2,2,1,50177.140470611856,-0.0003127097182751,19.099779522754236,0.036566960912178814,0,127.88108117680048,-2.052488564828833e-05,-1.3414167735843496,1.3414167735843496,-7.505326912278994e-07,-0.5008756624221862
2021-01-27 20:00:00,30703.22,31561.98,30532.06,31514.28,13.669157,0.0245280182193408,2,2,1,44367.56319138248,-0.0003610179178869,10.90536136594888,-0.075634269728722,-1,112.58478944897207,-2.661983561976333e-05,-1.3813258212844104,1.3813258212844104,2.0133718273994214e-06,-1.7526820033774764
2021-01-27 21:00:00,31561.98,31660.04,30775.36,30985.73,3.533011,-0.0169140005168717,2,2,1,49287.08548944844,-0.0003045507430455,4.033209943577798,-0.03639390054426517,0,126.00549323011336,-0.00010048605848295084,-1.1035368207915819,1.1035368207915819,3.657079618513726e-06,-0.8198012616828703
2021-01-27 22:00:00,30943.64,31050.49,30316.27,30535.33,7.475219,-0.0146424020364914,2,2,1,50312.7304354271,0.0004069278308188,11.952444087705931,0.03224727702285257,0,127.43797923264076,-6.0999526161725046e-05,1.083868507877665,1.083868507877665,-1.9670686183998903e-06,2.73301934855854
2021-01-27 23:00:00,30528.56,30682.36,30100.0,30356.27,5.875906,-0.0058812879324374,2,2,1,51520.44493332173,3.9763846662283535e-05,9.016032316762333,0.04406646502008016,0,134.93448506732886,-1.8833468586002107e-05,0.022144124411820384,0.022144124411820384,-8.299243846518404e-07,1.5078098665310284
2021-01-28 00:00:00,30351.17,30739.93,29858.1,30709.82,14.589224,0.0115793871979761,2,2,1,50496.93820204696,0.0001393313635002,20.3085296499366,0.03901759613964084,0,129.4930015467331,-2.001138964175211e-05,0.2930639181149586,0.2930639181149586,-7.807963192348759e-07,1.0917239552421454
2021-01-28 01:00:00,30709.61,30909.09,30377.18,30844.57,8.17805,0.0043782487407479,2,2,1,50353.11161325729,-7.18344429198518e-05,13.390571559102227,0.016605501434354242,0,127.28124862320527,1.5480197762491415e-05,-0.4479991248903675,0.4479991248903675,2.5705644614913855e-07,-0.12223932976594448
2021-01-28 02:00:00,30912.2,31200.62,30785.51,30976.12,17.991051,0.0042558631602727,2,2,1,48162.6323114875,0.0004483493399605,18.056371069494368,-0.036093624288783266,-2,119.85353816727014,-1.9675551481960864e-06,1.3579742607259984,1.3579742607259984,7.101619628645082e-08,0.9769334120928616
2021-01-28 03:00:00,31099.62,31515.15,30940.29,31394.74,7.90734,0.013423777904677,2,2,1,46053.68341369647,0.0001589407589024,10.349520173569996,-0.012198422897646943,0,117.27597062943882,5.698875449899141e-05,0.3012989584765181,0.3012989584765181,-6.951729277888771e-07,-0.6730711416448952
2021-01-28 04:00:00,31458.55,31581.6,31039.9,31300.87,13.930898,-0.0029944702713073,2,2,1,48007.28255061319,-0.0002481231782361,14.089604981565325,-0.0744013667074328,0,119.78216056053041,7.110059695534141e-05,-1.090346548368716,1.090346548368716,-5.2899815871917365e-06,-1.7798596724070557
2021-01-28 05:00:00,31347.46,31802.81,31086.77,31674.67,13.711878,0.0118714151549852,2,2,1,50826.08665101959,0.0001867033060764,20.73883188043085,-0.0016144221340969045,0,124.70712520978208,0.00013250735309557892,0.4139477090767195,0.4139477090767195,-2.139228037680966e-07,-1.3413492783198802
2021-01-28 06:00:00,31765.29,31875.44,31525.46,31565.12,15.387911,-0.0034645943505218,2,2,1,48065.7806657517,0.0003538937310685,13.365303857763882,-0.08088095641106174,-1,114.9434814121299,0.0001258780906267914,0.9444600776269465,0.9444600776269465,-1.0181140361093194e-05,-0.44770122995857253
2021-01-28 07:00:00,31536.0,31536.0,31086.4,31135.08,6.363692,-0.0137175557147273,2,2,1,48445.09459098285,0.0003616701667411,7.755329745481257,-0.019981448590426498,-1,116.00852530447314,0.00016611638063664347,0.906040296316915,0.906040296316915,-3.3192459197188114e-06,0.10665707200244168
2021-01-28 08:00:00,31173.8,31291.16,31005.18,31068.19,7.572153,-0.0021506916206543,2,2,1,51282.11143715613,-0.0003367280004753,12.706562261270324,0.025037393888100556,0,121.68999074786535,0.00010660896013970597,-1.3014797507488851,1.3014797507488851,2.66921052701863e-06,-2.678090478922617
2021-01-28 09:00:00,31044.22,31454.36,30824.07,31454.36,11.016197,0.0123531401321592,2,2,1,48037.36558471107,0.0002391815930188,16.27482620878708,-0.11010921007610741,2,113.09776219485384,0.00014548596463203744,0.5795233978473788,0.5795233978473788,-1.6019344642794142e-05,-1.1719586606370418
2021-01-28 10:00:00,31483.96,31576.11,31034.33,31490.56,11.783536,0.0011502120899038,2,2,1,48416.94535972786,-0.0002830910379073,13.328319764524863,-0.055256763234739825,0,111.94258000948939,5.405591739856247e-05,-1.0373533948729914,1.0373533948729914,-2.9869550291290194e-06,-2.5181244004829737
2021-01-28 11:00:00,31483.99,31571.23,31203.1,31406.13,4.052339,-0.0026847215874923,2,2,1,47798.45043323729,5.064657925244642e-05,5.889265022498824,-0.07761256828847485,1,113.85757310637746,4.051914494231826e-05,0.08269661593428589,0.08269661593428589,-3.1447949038262863e-06,-1.8490665008863625
2021-01-28 12:00:00,31427.18,31710.68,31307.52,31414.14,5.779459,0.0002550132319836,2,2,1,50066.90800491287,-0.0002579558789983,6.327422807409109,0.04567999780716647,0,126.25815675703312,3.929005734704326e-05,-0.953923032569894,0.953923032569894,1.7947697334563809e-06,-2.587744348688303
2021-01-28 13:00:00,31489.17,31842.96,31162.92,31770.0,8.556264,0.0112643382588135,2,2,1,50156.9224018715,0.0001138607489669,11.358764337909674,0.029950237509447808,2,130.99707428434576,3.0184737708355758e-05,0.3154060263176516,0.3154060263176516,9.040400635256403e-07,-1.8882823963884032
2021-01-28 14:00:00,31759.65,32176.0,31656.0,31827.66,14.973683,0.0018132747588097,2,2,1,50178.03117129808,-9.47957863925642e-05,13.245292070338047,0.0005564533603432675,0,150.87386046846132,-2.5901451974277268e-05,-0.36443468182330147,0.36443468182330147,-1.4412949988856347e-08,-2.8756393608335125
2021-01-28 15:00:00,31862.29,32219.64,31717.17,31885.02,18.77428,0.001800583980998,2,2,1,48188.389573826666,0.0003868093086172,22.864808657875056,-0.01669129499411215,2,144.62354839504334,-2.275905923976477e-05,1.1606351487764892,1.1606351487764892,3.7987817155938757e-07,-0.4686181465311907
2021-01-28 16:00:00,31924.77,32430.0,31648.18,32426.99,10.440099,0.0168547936959075,2,2,1,53438.21747680988,0.0002808198594065,18.115268745999696,0.06429883180315832,2,162.50120122120833,5.4434423245460226e-05,0.7773328833193317,0.7773328833193317,3.5000698245617785e-06,-0.9286157906403018
2021-01-28 17:00:00,32430.0,32477.03,32164.64,32264.36,13.3046,-0.0050278852613843,2,2,1,53064.76176944423,0.0003253456655709,14.33412733026394,0.03894085110509371,2,164.1510456069217,6.520493231447272e-05,0.8526116283503428,0.8526116283503428,2.5391355605755955e-06,-0.7124691753020077
2021-01-28 18:00:00,32295.95,32664.75,32106.83,32643.91,11.993867,0.0116950991323694,2,2,1,47431.47429649894,0.000304072845405,10.287701391398034,-0.09634275930619018,0,149.2526178032769,0.0001386004177285102,0.8687062276462354,0.8687062276462354,-1.3353146684955275e-05,-1.2610063907224067
2021-01-28 19:00:00,32643.08,32744.52,32458.1,32569.27,17.316874,-0.002289108814903,2,2,1,50026.59915421204,0.0005170772033257,18.320791040400724,-0.0030001972011136635,0,157.80551673480622,0.00019690424573766692,1.4982144785848721,1.4982144785848721,-5.907515669495453e-07,0.3464522757857724
2021-01-28 20:00:00,32578.2,32907.58,32407.59,32542.71,8.21982,-0.0008158253357724,2,2,1,50071.50954011986,0.0003411347179878,10.995386429526723,0.12856118160316865,-1,157.90234271808973,0.00027179057036092944,0.8038634264865828,0.8038634264865828,3.4941716874200236e-05,0.2854680962102263
2021-01-28 21:00:00,32567.28,33294.6,32567.28,33139.25,14.350197,0.0181650000435613,2,2,1,49988.69236404421,-0.000262508837487,15.301798716736874,0.014235105761041034,0,152.23149141056408,0.00022474437205419195,-1.4889197952483968,1.4889197952483968,3.1992599053901774e-06,-2.712440864035335
2021-01-28 22:00:00,33212.28,33478.76,33137.53,33429.32,12.258204,0.0087149787330478,2,2,1,48706.58677826117,0.0002107043302064,10.460099111101824,-0.03192320598118403,-1,149.00424600961355,0.0002629318866290625,0.34913969424598273,0.34913969424598273,-8.393628775880889e-06,-1.292049120132923
2021-01-28 23:00:00,33460.5,33780.5,33068.45,33311.17,17.57933,-0.0035405830381129,2,2,1,53157.83530687868,0.0001295345238298,27.40345924786802,0.031781370981482926,2,153.96110288742824,0.00023077253853063745,0.018813911346982584,0.018813911346982584,7.334267659380751e-06,-1.569793081048748
2021-01-29 00:00:00,33372.95,34309.41,33352.75,34123.9,31.696862,0.0241052423774039,2,2,1,51460.53240303979,0.0004094212753683,43.77235939080407,0.01908223023616462,2,139.56087970852607,0.0002468477155258624,1.0399617427416126,1.0399617427416126,4.710404940935775e-06,-0.7074012222470829
2021-01-29 01:00:00,34138.58,34291.6,33662.26,33918.19,15.042495,-0.0060465699024447,2,2,1,49152.55611970981,-0.0001427276203181,11.539131164906696,-0.023842726995076058,-1,133.9743508610642,0.00018833855478973745,-1.037509632510113,1.037509632510113,-4.4905047444988845e-06,-2.4231352294176647
2021-01-29 02:00:00,33924.92,34202.68,33785.71,33939.39,21.618195,0.0006248381003199,2,2,1,51832.75876535559,8.83823701254862e-05,28.39079620603619,0.07620277957674482,2,137.40914410785356,0.00016137724537979825,-0.11518932959022256,0.11518932959022256,1.2297394658379027e-05,-1.3146133101007023
2021-01-29 03:00:00,33984.49,34104.09,33513.81,33729.19,13.572993,-0.0062126521966678,2,2,1,50311.580270647166,0.000627912460885,20.27778685633484,0.09245507723459068,2,129.95605094950218,0.00017523165257471072,1.7672019428061436,1.7672019428061436,1.620105597273984e-05,1.1305711556080014
2021-01-29 04:00:00,33729.19,33920.11,32815.01,33074.35,41.3976,-0.0196055770520136,2,2,1,49415.6010145648,0.00031786707419,45.47087230179414,0.029335517220056007,-2,118.07104265544767,0.00017232319709998574,0.5867187642572349,0.5867187642572349,5.055190115941737e-06,0.4462459665021573
2021-01-29 05:00:00,33074.35,33200.94,32749.37,32968.48,18.879504,-0.0032061039990978,2,2,1,53473.59676160926,-0.0001646866790901,24.445458145455056,0.052089591881584685,0,126.64538019209488,0.00018455096689959822,-1.1308235761191,1.1308235761191,9.613184547151916e-06,-0.816712632612334
2021-01-29 06:00:00,32974.28,32974.28,32339.98,32406.06,18.986029,-0.0172065111573704,2,2,1,49595.77437667986,0.0003123158413236,19.3709875363114,0.03183124646549906,1,115.8139512092524,0.00019725240578924823,0.6116355491629842,0.6116355491629842,6.278789944590195e-06,1.364590391256949
2021-01-29 07:00:00,32443.63,32604.52,31929.72,32194.17,16.814881,-0.0065600620889316,2,2,1,50407.02839539816,0.0002543389646235,13.753462619115169,0.040498090074541526,-2,116.08243859183108,0.00021285296088846073,0.42067525635270203,0.42067525635270203,8.620138382693747e-06,1.0838808886061433
2021-01-29 08:00:00,32254.61,36500.0,32016.55,36265.84,105.825557,0.1190908711191518,2,2,1,50285.416005522646,-0.0002629048395104,155.77283692322607,-0.019435538118489637,0,87.10432527729657,0.00012881219652862322,-1.5282942993173003,1.5282942993173003,-2.503534355758435e-06,-4.277406296038977
2021-01-29 09:00:00,36301.39,37999.0,34809.53,36912.04,241.883977,0.0176615337129462,2,2,1,50048.90337075796,-0.0001198694749627,185.17169119425017,0.04187444006477947,0,67.07189103839875,0.00013166946469804825,-0.9186089011549546,0.9186089011549546,5.5135851078600174e-06,-3.366724066570041
2021-01-29 10:00:00,36983.53,37152.46,35507.09,36674.57,102.037496,-0.0064541857369739,2,2,1,51360.48190350093,-4.9478208358279634e-05,164.6750559567122,0.06079558555177744,2,57.223318568988596,0.0001144368923875775,-0.7250339754074911,0.7250339754074911,6.957257881428517e-06,-2.7171281841436277
2021-01-29 11:00:00,36684.14,37216.75,36466.72,37039.77,25.672115,0.0099086009031914,2,2,1,50057.38224441864,2.7529105826023075e-05,35.11483618108707,0.047259519727245625,0,54.01272348732822,3.938897300520539e-05,-0.42309527096031435,0.42309527096031435,1.8615039467754494e-06,-2.454828658087673
2021-01-29 12:00:00,37023.02,37874.89,36565.65,37840.04,31.749874,0.0213756010101118,2,2,1,48757.39453849186,-1.8188028476526376e-05,29.05433143055855,-0.026155269390562452,0,51.35075650589979,-2.617914828110408e-06,-0.6677646692209399,0.6677646692209399,6.847226757077573e-08,-2.8769476579539726
2021-01-29 13:00:00,37877.78,38539.39,37097.96,38243.32,35.782133,0.0106011032326662,2,2,1,51629.83177833792,-3.091062019182766e-05,32.524954719246416,0.02936602378959874,2,53.19025879636167,1.4104092534173636e-05,-0.687574283446534,0.687574283446534,4.14181116889245e-07,-2.6052215102094523
2021-01-29 14:00:00,38241.5,38429.92,36496.75,37059.54,68.012549,-0.0314430960224285,2,2,1,48041.57986096187,0.0004204938350771,112.43393020364714,-0.04257742403329401,-1,44.90488678519754,2.7626341753361134e-05,1.0266345632905591,1.0266345632905591,-1.1762584673215522e-06,-0.0866695387701013
2021-01-29 15:00:00,37092.52,37519.23,36770.58,37092.64,19.50965,0.0008927587077938,2,2,1,52801.69476738149,0.0002783086717093,34.69380052831484,0.09573478662296941,0,48.81448274304699,3.0622555139086134e-05,0.48489078445938905,0.48489078445938905,2.9316437820905265e-06,-0.5218761523007962
2021-01-29 16:00:00,37174.63,37536.32,35743.03,36040.06,37.296143,-0.0287874696279804,2,2,1,50134.94421263021,-3.769916474723392e-05,38.12903552313096,-0.061814810076948445,1,45.50711250671891,5.877326448448189e-05,-0.7311869207656814,0.7311869207656814,-3.633058181710507e-06,-0.7963300672060758
2021-01-29 17:00:00,36076.28,36425.82,35571.65,35762.5,20.281635,-0.0077312391793924,2,2,1,47747.97570976649,4.1614210462913886e-05,31.937572905033004,-0.10019428868404445,1,42.65885396023134,7.895872516268363e-05,-0.36934724061137164,0.36934724061137164,-7.911213303074049e-06,-0.3474287074102646
2021-01-29 18:00:00,35717.12,35999.99,34599.0,35173.38,28.767597,-0.0166103118734604,2,2,1,51361.107287259256,-0.0003013136231872,38.051595234620684,0.0828486368818262,-2,44.776224792901864,4.747929830906857e-05,-1.5749084086626959,1.5749084086626959,3.933595145011927e-06,-1.0165413269906367
2021-01-29 19:00:00,35173.36,35333.33,33524.85,34338.94,26.69451,-0.024009559302522,2,2,1,49487.37168055772,-0.0001119257797015,30.611559841181187,-0.010778815325664937,1,42.68534284840897,3.0047437618128196e-05,-0.7797750443218305,0.7797750443218305,-3.2387578109524134e-07,0.18487295622020028
2021-01-29 20:00:00,34256.54,34950.48,33874.89,34569.05,17.947917,0.0066787858812915,2,2,1,50956.90981575099,0.0003251273049932,23.386424401034567,0.017682715855045217,0,43.488097172315705,7.2961854301844e-05,0.9871500779081414,0.9871500779081414,1.290163737876716e-06,1.854805250463257
2021-01-29 21:00:00,34544.66,34800.61,34141.41,34614.16,15.393019,0.0013040738177032,2,2,1,50951.65280381855,0.0003996281435264,22.40419374228697,0.01926356530315987,1,43.22162759502719,0.00012677919976662245,1.1914850320309045,1.1914850320309045,2.442219393786682e-06,2.3426966645977583
2021-01-29 22:00:00,34607.47,35313.87,34269.01,34471.72,11.515313,-0.0041235691529237,2,2,1,52325.78017139563,0.0001354551780726,13.393229338103833,0.07430603605239261,0,44.27711455457144,9.114936764105995e-05,0.1236797015468783,0.1236797015468783,6.772948198089389e-06,1.4161002330266539
2021-01-29 23:00:00,34486.27,34644.62,33696.38,34242.42,21.538781,-0.0066740514002248,2,2,1,49049.3717570728,-0.0001368424852857,20.098191235427272,-0.07728801457184709,0,41.76283838464204,3.9255473016684946e-05,-0.9305100826692249,0.9305100826692249,-3.033977570538296e-06,0.32133987574996115
2021-01-30 00:00:00,34282.21,34853.01,34264.22,34264.22,25.534121,0.0006364346794942,2,2,1,49881.61814827127,0.0007756540784005,42.07698987162516,-0.03068204274301778,0,42.532847096348874,0.0001409246284101517,2.3959720627679544,2.3959720627679544,-4.323855472424172e-06,3.8890568177470897
2021-01-30 01:00:00,34254.15,34929.32,33939.39,34102.64,17.729071,-0.0047268603780015,2,2,1,48251.30924449305,0.0006100413945611,23.207803578069505,-0.01833570716081967,1,40.737401583379786,0.00021197802642242494,1.6149525716992539,1.6149525716992539,-3.886767017010078e-06,2.9655872524306757
2021-01-30 02:00:00,34071.57,34428.57,33653.88,33863.56,15.161543,-0.0070352906624417,2,2,1,46533.01077406859,0.0001978679201388,22.91273880431014,-0.10224707535399957,1,39.469228954453044,0.000274375719338175,0.18049611790312195,0.18049611790312195,-2.8054114850478218e-05,1.5264492969631005
2021-01-30 03:00:00,33839.71,33981.77,32835.91,33243.22,30.355666,-0.0184886734501414,2,2,1,53392.13285234297,9.350366275802912e-05,42.39996331222248,0.061229493590227335,-2,44.453009751656374,0.0003000543996456161,-0.10912133529367174,0.10912133529367174,1.837217893982076e-05,1.294154677899954
2021-01-30 04:00:00,33278.14,33636.36,33146.33,33463.33,17.572739,0.0065993758888023,2,2,1,48145.49509975327,7.098458685751327e-05,12.642447268251736,-0.02570252893286029,1,41.21117536926295,0.0002682865598786553,-0.15586496962057958,0.15586496962057958,-6.895643067578692e-06,0.8405081574960528
2021-01-30 05:00:00,33535.04,33984.48,33197.46,33513.11,14.90541,0.001486493135987,2,2,1,50581.84823849561,0.0002906300916076,20.87165345221448,-0.05407806278686211,-2,43.42947844991366,0.00025466180338880524,0.6006221841189181,0.6006221841189181,-1.3771616993075345e-05,1.5088160325467648
2021-01-30 06:00:00,33489.76,33838.38,33165.57,33826.37,12.352404,0.0093039702636961,2,2,1,52531.41450829359,0.0004670348462079,9.873984488545403,0.059191335723836946,0,45.474173687465154,0.00029610926190571773,1.2141231884556516,1.2141231884556516,1.75271027323989e-05,1.7690480405675024
2021-01-30 07:00:00,33790.69,34197.8,33397.67,34055.9,12.312439,0.006762616357907,2,2,1,53659.46286951037,-9.353507384018668e-05,13.581251999190632,0.06452343210156641,0,46.45760204881052,0.0003015226883364069,-0.7944191266247446,0.7944191266247446,1.945527870795592e-05,-0.4124086314758582
2021-01-30 08:00:00,34048.68,34343.43,33773.18,33865.24,11.370471,-0.0056141725766991,2,2,1,47333.32734832061,-0.0001255778659297,11.318988479892411,-0.05870665675467068,0,46.83842210314104,0.00018886869529513193,-0.9572880169492034,0.9572880169492034,-1.1087849666393796e-05,0.878471593654819
2021-01-30 09:00:00,33887.71,34416.16,33819.26,34319.27,9.711091,0.0133178843925776,2,2,1,45629.57932275582,-0.0001491390633832,8.314136238972038,-0.08830011749236877,-1,54.730844279288405,9.397113805209443e-05,-1.0362469765762903,1.0362469765762903,-8.297662530891543e-06,0.6634474276550815
2021-01-30 10:00:00,34282.85,34364.45,33884.61,34294.96,8.359066,-0.0007085993974484,2,2,1,49990.61772293312,0.0001990619037247,6.670638377618623,-0.026671560113894266,0,73.98298536306893,9.412038600033193e-05,0.22763020340366058,0.22763020340366058,-2.5103375331507854e-06,1.7151925545029783
2021-01-30 11:00:00,34332.86,34332.86,33528.86,33634.58,19.243433,-0.0194437001929355,2,2,1,48084.0458494963,0.0006842452511862,30.166372719530017,-0.03942148603151052,0,71.68636742572843,0.00016796308455385326,1.809291311010635,1.809291311010635,-6.621354391549147e-06,3.4692376615788616
2021-01-30 12:00:00,33625.6,33841.72,33475.54,33770.11,10.317075,0.0040213873142711,2,2,1,50897.97695130296,0.000312823655429,11.32062136192012,0.04390272353706681,0,77.94219934563813,0.00019819296812528914,0.46648140985094916,0.46648140985094916,8.701211086595264e-06,2.1923742568046976
2021-01-30 13:00:00,33761.45,34333.33,33677.0,34285.67,7.854358,0.0151513908980156,2,2,1,51307.62795774448,0.00040663737142,13.384776398235472,-0.006240652148098325,-1,80.94193573618423,0.00021269387810183914,0.7317409490424995,0.7317409490424995,-1.3273485072636056e-06,2.330852339111053
2021-01-30 14:00:00,34343.43,34381.02,34018.37,34211.19,6.803151,-0.0021746990841116,2,2,1,54120.76473578893,-0.000101873470379,11.49336355393715,0.12654006992319888,2,101.55107404844362,0.00014158033852847664,-0.9682513991327183,0.9682513991327183,1.7915585937143603e-05,0.2170884521451949
2021-01-30 15:00:00,34242.42,34500.0,34064.79,34213.65,9.388155,7.190371219145675e-05,2,2,1,49836.04254742976,0.0001446066837621,8.284912329353778,-0.056165852876824185,0,98.38667412722053,0.00017134805822876248,-0.09110524659779311,0.09110524659779311,-9.623909829206177e-06,1.0581668181565174
2021-01-30 16:00:00,34239.11,34243.5,33498.8,33957.36,24.16132,-0.0075190673418052,2,2,1,48842.440154151926,-0.0003370141835106,26.2535055753073,-0.025780502577136044,0,98.74003318611693,0.00014491851853114997,-1.6395640414114998,1.6395640414114998,-3.736072240467049e-06,-0.8507810757709737
2021-01-30 17:00:00,33974.71,34302.87,33941.77,34225.08,8.2298,0.0078530887389369,2,2,1,49588.01613010444,0.0004226412537352,7.842526576856769,0.038536511610932855,0,105.38043875512699,0.00021639105817094996,0.8130896550900257,0.8130896550900257,8.33895652570686e-06,1.3053421302321746
2021-01-30 18:00:00,34262.6,34343.43,34113.99,34312.53,6.224871,0.0025518849419192,2,2,1,45063.87747969949,0.000147417593158,7.230286623517046,-0.12260697130885001,-1,102.4783284125774,0.00020993551935011246,-0.15730939438254263,0.15730939438254263,-2.5739558197667764e-05,-0.0469880248480687
2021-01-30 19:00:00,34343.43,34410.53,34016.07,34332.73,8.927442,0.0005885330052812,2,2,1,49924.39185341244,0.0003640732678426,14.660983796988084,0.008830943289445559,0,117.80455837662457,0.00016991402143216245,0.5350723876159914,0.5350723876159914,1.5005010873490639e-06,0.15101383798605544
2021-01-30 20:00:00,34307.58,34423.63,34109.15,34165.56,4.639601,-0.0048810074497129,2,2,1,49901.17054686316,0.0005896126841489,5.4185644604666665,-0.020718274964183436,1,122.9631595889979,0.00020451265002214997,1.2508243497156097,1.2508243497156097,-4.237149316812719e-06,1.0113753815214788
2021-01-30 21:00:00,34191.66,34681.92,33994.98,34681.92,3.750925,0.015000394559772,2,2,1,50293.1440984049,0.0005008094172138,3.097533202121854,-0.012924187326152858,0,130.1193584921379,0.00021628415574637496,0.9223032430609535,0.9223032430609535,-2.79529694454497e-06,0.3567348054234364
2021-01-30 22:00:00,34699.99,34787.48,34507.52,34603.57,3.411175,-0.0022616577698251,2,2,1,52743.80853854855,0.0002571987006615,4.707912259934566,0.007988956223560217,0,139.59661266283135,0.0002611681771264375,0.08210357612919314,0.08210357612919314,2.08646113405013e-06,-0.5596857095808756
2021-01-30 23:00:00,34534.69,34535.9,34189.86,34240.95,21.926722,-0.0105345597160724,2,2,1,51718.63293304493,-0.0005595766552936,33.39804811843538,0.05441988511478191,2,132.22875401150853,0.00017314525974447493,-2.3552872819908366,2.3552872819908366,9.422545143463398e-06,-2.9536317789644704
2021-01-31 00:00:00,34240.99,34334.27,33855.92,34093.83,10.066629,-0.0043058667140307,2,2,1,48535.37555630367,9.781905195008228e-05,12.1887978856304,-0.02698875140669943,-2,134.35702650408084,0.00022749941417706023,-0.290622290660679,0.290622290660679,-6.13992513439443e-06,-0.7934185695294066
2021-01-31 01:00:00,34091.59,34249.49,33946.46,34200.95,4.94005,0.0031369919588222,2,2,1,48914.22103065595,0.0001254519457346,5.495494746556303,0.013738731581434793,1,142.38724983329982,0.00019035075067698525,-0.14108225196815996,0.14108225196815996,2.6151778698757173e-06,-0.8175069068186808
2021-01-31 02:00:00,34205.86,34247.54,33679.46,33766.42,6.109649,-0.0127866039352468,2,2,1,50460.34069262955,-5.392169254523935e-06,4.42143417709495,0.08439879245358295,0,155.24434080619184,0.00017124953037541974,-0.5538291063162291,0.5538291063162291,1.44532535719286e-05,-1.1062078919194067
2021-01-31 03:00:00,33745.59,34031.9,33667.45,33909.63,6.83581,0.0042322273171002,2,2,1,46871.22540984288,0.0005200896022884,12.069492470875534,-0.12213236471623623,0,159.0430829782476,0.00019075157218114477,1.1295943999469893,1.1295943999469893,-2.3296940583823032e-05,0.13214564412515273
2021-01-31 04:00:00,33845.45,34110.99,33816.24,34059.55,3.835129,0.0044114183260077,2,2,1,48795.76144938768,-0.0001916441483144,6.187033210256958,0.01350627609680033,0,169.28142232615508,9.309446812323228e-05,-1.140381587457991,1.140381587457991,1.2573595895571523e-06,-2.080444900454189
2021-01-31 05:00:00,34000.0,34040.4,33679.81,33749.37,6.846527,-0.0091487126907541,2,2,1,51477.28029345644,0.0001845547518991,9.509522889557092,0.017702636146050388,1,185.91226287851353,5.356263495889477e-05,0.07601728097660133,0.07601728097660133,9.481998377010327e-07,-0.6498281780599129
2021-01-31 06:00:00,33719.96,33852.11,33576.92,33642.26,7.826846,-0.0031787357032282,2,2,1,51027.5853327393,-0.0001827434649775,5.682384264499732,-0.02862723552431401,0,187.1208314011016,-1.4301357459802302e-06,-1.0133640997148425,1.0133640997148425,4.094083283191656e-08,-1.5416582624158348
2021-01-31 07:00:00,33617.41,33838.38,33467.76,33636.36,3.254068,-0.0001753900426351,2,2,1,52520.35826313288,0.0003928427449306,3.174053658236452,-0.02122840120758518,0,200.23668939167928,0.00011762228928204478,0.7636089596059995,0.7636089596059995,-2.4969331478338928e-06,0.2829241925640797
2021-01-31 08:00:00,33582.28,33828.48,33312.92,33590.75,6.060663,-0.0013568932830203,2,2,1,51799.87180576645,0.0003596560721079,10.906663258369006,0.09436362722985958,-2,197.8007411927206,0.000150351916801772,0.598957863603742,0.598957863603742,1.4187752230377273e-05,0.0693632906236279
2021-01-31 09:00:00,33585.52,33744.44,33287.23,33306.37,3.105814,-0.008502061464922,2,2,1,48680.947111047375,8.878032536484017e-05,4.205722306028664,0.0668725820746241,0,188.85372792585633,0.000145767964255552,-0.31538114554366625,0.31538114554366625,9.747880153530272e-06,-0.2741357644932024
2021-01-31 10:00:00,33282.12,33737.37,33195.58,33679.9,3.558593,0.0111525502647342,2,2,1,51777.05704571472,-0.0001485224655908,4.020981805473582,0.03573549206138482,0,202.95099012752883,0.0001278766772135175,-1.0266710658321978,1.0266710658321978,4.5697359833999235e-06,-1.2322992991728656
2021-01-31 11:00:00,33638.26,33777.68,33521.97,33581.9,3.843153,-0.0029139889014508,2,2,1,52386.32646813786,-4.67114062000424e-05,4.167665135763047,0.08947418093951054,0,228.63916356445657,5.7026551152462197e-05,-0.6354586544437621,0.6354586544437621,5.1024039561716555e-06,-1.1998481477264713
2021-01-31 12:00:00,33571.21,34240.04,33383.6,33988.07,6.108597,0.0120223493424767,2,2,1,50469.8815940413,0.0001140415689825,10.462742879900317,-0.008410852118371004,0,221.1027266798857,9.523726581457471e-05,-0.05824070410324673,0.05824070410324673,-8.010265589243781e-07,-0.8031357269927774
2021-01-31 13:00:00,34002.58,34054.34,33613.17,33641.49,6.086468,-0.0102494540568223,2,2,1,50083.26858352895,0.0001108346583719,7.917321204094143,-0.02386310618810672,0,224.79333489619322,8.60222541236747e-05,-0.027395703541107645,0.027395703541107645,-2.0527581846935506e-06,0.15934134931014657
2021-01-31 14:00:00,33679.34,33740.55,33333.33,33348.9,7.848496,-0.0087353383233619,2,2,1,50487.46923006819,0.00059200094524,11.991844689809428,-0.06713311468265548,0,226.10167073119723,0.0001828653054008622,1.5018991835063813,1.5018991835063813,-1.22763175189549e-05,2.0932508289134337
2021-01-31 15:00:00,33348.9,33443.33,32513.74,32855.24,27.249895,-0.0149135431620397,2,2,1,49680.00091603191,0.0004364433625667,47.259414514732825,-0.0031310999714582177,-2,189.42316784417017,0.0001883153826053747,0.9171486797901208,0.9171486797901208,-5.896342891008321e-07,2.47031980111483
2021-01-31 16:00:00,32835.35,33059.77,32591.3,32921.85,9.676693,0.0020253259233324,2,2,1,50465.94495317581,0.00038665179172,12.928808834977056,0.03323963327589552,0,202.719065358531,0.00019168984755688718,0.6888843038905267,0.6888843038905267,6.3717002355032464e-06,1.97259173721041
2021-01-31 17:00:00,32917.82,33037.37,32200.0,32330.54,17.561613,-0.0181242767199982,2,2,1,50753.54074932809,0.0002320833333258,16.941639012978495,0.023504159072741393,0,196.68534363508454,0.00020960272355200716,0.17821215750705066,0.17821215750705066,4.926535756446215e-06,2.7282320472955828
2021-01-31 18:00:00,32319.04,32821.35,32166.67,32431.31,10.415634,0.0031120198489382,2,2,1,48334.25795928487,-0.0001392337191163,11.415774293835208,0.07257210569726569,0,184.32021022246937,0.00021076381686131968,-1.069664773635943,1.069664773635943,1.529557399441884e-05,1.1298132403783583
2021-01-31 19:00:00,32431.31,32919.64,32400.0,32810.74,10.050627,0.0116315866183782,2,2,1,50202.40212142476,-0.0001010126322587,12.87590682334483,0.005568626030109991,-2,192.75643277523372,0.00020397616360398745,-0.8644069530599898,0.8644069530599898,1.1358669741671387e-06,0.6445963655351465
2021-01-31 20:00:00,32814.18,32910.71,32485.96,32839.84,12.185892,0.0008865116471419,2,2,1,49075.67533341755,0.000466127540356,10.415538846383358,-0.016542602195480982,1,184.8830447384073,0.00024798691002567494,1.1293009531923528,1.1293009531923528,-4.102348802241275e-06,2.2847546156731697
2021-01-31 21:00:00,32839.84,32901.59,32509.51,32550.62,3.832559,-0.0088459963729494,2,2,1,47741.5751067308,-5.591614924122765e-06,4.204769613652856,-0.05073393277385141,1,179.1099611523407,0.00023343362586367213,-0.4723188790765026,0.4723188790765026,-1.1843005881723924e-05,1.4475756961850044
2021-01-31 22:00:00,32550.62,33092.13,32550.62,32938.53,5.152861,0.0118466810676682,2,2,1,48408.11350534107,-0.0003616900784475,5.723574418637513,-0.08220291923057987,-1,180.92119902232832,0.00011422224790273464,-1.583424193294696,1.583424193294696,-9.389402218683767e-06,-0.3474717243682486
2021-01-31 23:00:00,32978.19,33232.32,32973.89,33071.34,8.189712,0.0040239491217537,2,2,1,53710.13324327036,6.161431854501324e-05,12.851867478077756,0.038506437569678864,0,217.43369204642005,6.736861740002379e-05,-0.24637958710471658,0.24637958710471658,2.594125460069597e-06,0.34965946667798115
2021-02-01 00:00:00,33097.72,33097.72,32287.34,32534.53,11.924559,-0.0163650594202913,2,2,1,51069.10700774793,0.000339093679291,16.715124607833904,0.05220380850880613,2,203.0219350774753,6.142385334639879e-05,0.791165232454977,0.791165232454977,3.206559077968393e-06,1.7887022006975268
2021-02-01 01:00:00,32546.49,33547.69,32529.04,33430.31,11.904033,0.0271609866356463,2,2,1,47529.05297997569,6.990457431646419e-05,10.99813710907404,-0.028318309511913387,-1,184.903833859101,4.1151508470231814e-05,-0.24047368185627205,0.24047368185627205,-1.16534115374215e-06,-0.24950541811155835
2021-02-01 02:00:00,33430.31,33819.62,33218.03,33675.63,17.586788,0.007311456864965,2,2,1,47742.762509731765,-0.0001040144370678,26.047469931190488,-0.053855724031897534,0,171.32153045666098,4.5553918726294317e-05,-0.8858399451498268,0.8858399451498268,-2.4533392754947957e-06,-1.7375213872731505
2021-02-01 03:00:00,33680.58,33768.17,33452.05,33560.57,6.226175,-0.0034225644018306,2,2,1,53754.8226087693,-0.0001448496269183,10.939294898127692,0.1468618995713491,2,193.6808821966506,4.0074294393844314e-05,-0.9663092608845506,0.9663092608845506,5.885386998661441e-06,-1.5922355032517082
2021-02-01 04:00:00,33586.79,33951.74,33427.25,33575.74,8.152127,0.0004519164147733,2,2,1,49083.95476023744,2.7204852926381804e-05,8.351239181422295,0.005906113610885555,2,175.4831797108212,-1.4791041534857955e-05,-0.33357332877645124,0.33357332877645124,-8.735757172819814e-08,-0.886073384780921
2021-02-01 05:00:00,33565.42,33884.46,33422.86,33761.82,7.929496,0.0055267958523668,2,2,1,49618.50595604952,0.0009318805127191,12.8119698391214,-0.03610863524278296,-1,175.32427115547998,0.00010239297442054488,2.6526022597736145,2.6526022597736145,-3.697270564775061e-06,1.3351170007156679
2021-02-01 06:00:00,33801.15,34379.67,33273.76,33542.42,27.494169,-0.0065196717815414,2,2,1,50150.45085493583,0.0003526909135525,26.01867679436876,-0.017189417686215736,0,165.32414339530646,0.0001916905984205449,0.6475777225932662,0.6475777225932662,-3.2950497627713926e-06,-0.488802093856167
2021-02-01 07:00:00,33546.83,33861.3,33425.8,33841.89,4.358277,0.008888477796507,2,2,1,50879.69473306888,0.0002982202830223,4.844228712304569,-0.03123862030498914,0,166.80971483792803,0.00022126634398020572,0.4794077373322574,0.4794077373322574,-6.912055305870766e-06,-1.0104962082820916
2021-02-01 08:00:00,33820.79,34472.09,33612.06,34472.09,4.235449,0.0184506268824637,2,2,1,53804.79492654144,0.0002468878196666,5.607478316204321,0.03870517533890494,0,179.51854781042556,0.00020974061152715572,0.3215953118932956,0.3215953118932956,8.118047144847709e-06,-1.8354555858460007
2021-02-01 09:00:00,34465.0,34700.0,34290.3,34325.24,9.308945,-0.0042690675067653,2,2,1,47712.58103451331,0.0003317711728464,9.498947078536077,-0.019892096066354337,-1,156.42934971574587,0.0002424739363433977,0.5774848732060363,0.5774848732060363,-4.823314835329953e-06,-1.4451106094291906
2021-02-01 10:00:00,34379.69,34515.27,34009.73,34163.63,9.426593,-0.0047193157062537,2,2,1,47187.43197280989,0.0002557555454285,16.132351863757393,-0.08864206146078524,0,148.799086169326,0.0002874451841554352,0.2637319165536445,0.2637319165536445,-2.547973368051282e-05,-1.017186061683949
2021-02-01 11:00:00,34176.44,34392.99,33966.65,34172.46,10.760044,0.000258428600441,2,2,1,51048.36018477886,-0.0002520636253254,13.741205270086322,-0.025540372336906758,2,156.25678143795037,0.00027404343435454774,-1.4515716802672816,1.4515716802672816,-6.999171349899814e-06,-2.781988216883599
2021-02-01 12:00:00,34197.21,34444.44,33586.9,33772.97,14.924645,-0.0117592780991007,2,2,1,51304.90390924425,0.0002637414056948,24.67962007172267,0.016544962833864307,0,150.49301080138784,0.0003036105034506,0.289526537102447,0.289526537102447,5.023224495561008e-06,-0.18961975428243955
2021-02-01 13:00:00,33772.97,33948.87,33661.19,33698.91,4.884417,-0.0021952857914442,2,2,1,49815.47801401146,5.239962587673137e-05,4.27348920065702,-0.0053469068032344635,1,147.7027857877809,0.0001936753925953039,-0.4224789600263615,0.4224789600263615,-1.035564274286936e-06,-1.1597648837625028
2021-02-01 14:00:00,33677.36,33850.37,33395.82,33561.08,5.163321,-0.0040984303723199,2,2,1,53306.49176164591,0.0002519819488661,5.253125850881601,0.05583608318197952,1,161.27597432929733,0.00018108677200950388,0.31932349468031446,0.31932349468031446,1.011117606507882e-05,-0.5278971692598484
2021-02-01 15:00:00,33528.27,33604.76,33165.0,33190.6,4.180395,-0.0111003589465195,2,2,1,49679.07180645653,0.0002186263302119,4.581297875042094,-1.8701883217508986e-05,0,172.58574510396446,0.00017113752790820388,0.23773902905887967,0.23773902905887967,-3.200594061072414e-09,-0.6702180575509973
2021-02-01 16:00:00,33159.51,33570.62,33145.91,33502.03,7.42604,0.0093393307072808,2,2,1,53670.922886128894,0.0003700306656908,11.184694583007264,0.06350773647311647,0,187.5901106402864,0.0001865303836612289,0.7926078703671288,0.7926078703671288,1.1846122449786635e-05,-0.28873665211917243
2021-02-01 17:00:00,33434.34,34040.4,33404.0,33988.11,8.87007,0.0144047235624249,2,2,1,51785.03116875323,0.0001813366912891,11.12095216686351,0.020323516432472655,0,184.75733859201705,0.0001677260734665664,0.11275496355989006,0.11275496355989006,3.408783610251878e-06,-1.9026806521049708
2021-02-01 18:00:00,33999.93,34014.54,33674.09,33694.88,3.40046,-0.0086648605398593,2,2,1,50904.14890724365,0.0005767198827737,6.057591506038119,0.05316914040810494,1,185.15410105719363,0.00020784661563471638,1.4162390671440876,1.4162390671440876,1.1051025890031655e-05,-0.061927615025912264
2021-02-01 19:00:00,33712.77,34040.4,33712.77,33811.93,18.729707,0.0034678017610421,1,1,1,48713.83121019564,-0.0004703628750833,18.4495601067167,-0.029651388147298396,0,173.666482068022,0.0001805592094149789,-2.082238520285288,2.082238520285288,-5.353831201932875e-06,-3.183995811778326
2021-02-01 20:00:00,33850.37,34027.6,33737.37,33830.26,2.046188,0.0005419694557087,0,0,1,54204.47974678746,-0.0002876257280892,1.673508412645051,0.10450807611968815,0,199.45703880096363,0.00011163831769197887,-1.35207946409741,1.35207946409741,1.1667105803227257e-05,-2.358091454954545
2021-02-01 21:00:00,33800.26,33841.82,33564.49,33714.62,2.443972,-0.0034240970739602,1,1,1,54885.962791292426,0.0002555840057469,1.9545386909556628,0.1496470878597882,0,203.65097474389322,0.00013703636517574996,0.35766849673996765,0.35766849673996765,2.0507092979441473e-05,-0.804893007284408
2021-02-01 22:00:00,33556.63,33779.32,33513.78,33557.08,5.96515,-0.0046837017050833,0,0,1,49966.66298519663,0.0003484865530224,6.99492422129945,0.032196038370377655,-1,184.5277503858456,0.00014909944069528748,0.5935799769431145,0.5935799769431145,4.800411313627323e-06,0.14593739712564358
2021-02-01 23:00:00,33541.56,33773.46,33434.34,33545.56,7.917464,-0.0003433546016431,1,1,1,50620.89409754917,0.0004877837413544,9.962767819734276,-0.05751687734098576,1,188.95994437679974,0.00018274411708809997,0.9876874165253038,0.9876874165253038,-1.0510870967342986e-05,0.8001762859131265
2021-02-02 00:00:00,33491.57,34141.41,33440.11,33760.0,26.400429,0.0063721548591058,0,0,1,45850.54915762616,0.0005318147742994,43.15363759212583,-0.10218619740756452,0,155.77902017308978,0.00020296713066417498,1.0838237624545763,1.0838237624545763,-2.0740439281296327e-05,-0.18190867688121637
2021-02-02 01:00:00,33753.54,33810.28,33509.81,33756.37,3.513481,-0.0001075294777699,1,1,1,47848.44071299023,-0.0004341234444311,4.455181073001215,0.006719842138430687,1,166.2629508637813,0.00012603461369914998,-1.8466215428737693,1.8466215428737693,8.469327080363816e-07,-1.5387790530995509
2021-02-02 02:00:00,33722.34,33871.76,33595.55,33638.8,3.583413,-0.0034889776007567,0,0,1,47139.99405063215,0.0004045059452663,6.320300129755054,-0.012625336855544234,0,175.85574809262596,0.00010450787151072496,0.6212886034601267,0.6212886034601267,-1.3194470818788372e-06,1.5638166654546626
2021-02-02 03:00:00,33623.22,33711.1,33493.32,33553.68,2.52386,-0.0025336182124444,1,1,1,51573.65527638267,-5.766544968980251e-05,4.141600637192706,-0.04057621672870715,0,197.40138321933858,0.00015609504968491214,-0.8019019095959294,0.8019019095959294,-6.333746566293305e-06,0.14267377626344002
2021-02-02 04:00:00,33567.57,33955.03,33486.78,33883.22,11.09932,0.0097733621532416,2,2,1,54153.29858469188,-0.0003429489771187,19.238327100461653,0.10327904198463411,2,198.98329442105276,0.00014917964355622466,-1.5493003188957013,1.5493003188957013,1.5407130670096078e-05,-1.0738832830080707
2021-02-02 05:00:00,33886.9,34089.32,33789.44,33968.93,4.503368,0.0025263767054557,2,2,1,52795.68335587836,0.0001827196663295,4.263808715729631,0.06403210533269754,0,200.28573626629608,0.00014007160112904966,0.0848293815620092,0.0848293815620092,8.969079517614905e-06,0.780236564979204
2021-02-02 06:00:00,33996.67,34317.25,33939.39,34289.95,9.526855,0.0094060250272178,2,2,1,50827.69665796517,0.0003360325190954,14.669887277358656,0.013504281446807598,0,201.49489507464963,0.00013851484688817464,0.5922295341955263,0.5922295341955263,1.870543476939372e-06,0.2901272669488263
2021-02-02 07:00:00,34317.25,34400.71,34148.81,34211.65,7.840808,-0.0022860789850351,2,2,1,49202.614860478345,0.000292347996521,9.768657501454392,-0.03296167324487753,2,191.31776240417386,0.00011408537878399963,0.4493186616312206,0.4493186616312206,-3.760444977496279e-06,0.9355400011550992
2021-02-02 08:00:00,34224.5,34673.57,34108.61,34656.77,8.143135,0.0129268596089744,2,2,1,49754.22877075964,-0.0002321343162763,8.174457204669562,-0.07528262418455367,2,191.55070388725866,1.8591742462037132e-05,-1.1768113091752654,1.1768113091752654,-1.39963516070555e-06,-0.3751629847919745
2021-02-02 09:00:00,34674.56,35634.59,34660.79,35320.33,60.610337,0.0189656298938292,2,2,1,52709.82484570871,0.0006394097598608,70.17785500243481,0.10473639662420697,2,164.5005787234573,0.00015278339299852465,1.4993118882542746,1.4993118882542746,1.6001982046685564e-05,0.6881652576192023
2021-02-02 10:00:00,35360.8,35413.5,34991.63,35192.45,7.125856,-0.0036271478787597,2,2,1,49790.48730883461,-6.000810559730309e-05,5.518668612057914,0.05516416611788988,-1,160.71315481815878,9.471913664057425e-05,-0.5947424903528337,0.5947424903528337,5.225102188183748e-06,-1.4251710248467693
2021-02-02 11:00:00,35177.79,35261.74,34629.85,34704.25,8.210593,-0.0139694131225951,2,2,1,49389.28098659796,-0.000218488950326,11.51099650650503,-0.03250014676623425,0,160.5740608824739,7.461619906104955e-05,-1.0860831778781355,1.0860831778781355,-2.4250374206226606e-06,-0.9447701751111499
2021-02-02 12:00:00,34716.31,34988.99,34550.01,34778.35,5.973671,0.0021329089035795,2,2,1,53139.0156442389,-0.0001539330165868,10.47016364660881,0.03574924802976143,0,181.1330988034586,9.824319412753706e-05,-0.8255325157566492,0.8255325157566492,3.5121203141013234e-06,-1.5733806468427642
2021-02-02 13:00:00,34794.86,35206.07,34750.61,34846.78,8.422327,0.0019656702122841,2,2,1,51505.97362529791,3.010133868392496e-05,11.132905783699009,0.03393514784322593,2,171.55539147754706,7.916590317184018e-05,-0.26729987827458895,0.26729987827458895,2.686506628278905e-06,-1.2364045476950107
2021-02-02 14:00:00,34837.92,34908.97,34383.06,34794.27,7.175009,-0.001508018904115,2,2,1,50819.50521025102,-0.0002221170353706,9.662157085855709,-0.04665447807961509,2,166.8190834195551,9.397208863590182e-06,-0.9515736605737785,0.9515736605737785,-4.384218749359328e-07,-2.019117932054603
2021-02-02 15:00:00,34790.38,35136.54,34539.32,34627.71,13.912496,-0.004798489458059,2,2,1,51840.16953246639,-0.0002029659642163,10.278435486017331,0.04350116955544636,1,167.04552554568173,-5.251703622857232e-05,-0.8318105847912545,0.8318105847912545,-2.284552497528644e-06,-2.225635985121251
2021-02-02 16:00:00,34746.15,35174.51,34554.27,34855.34,18.503963,0.0065521249960163,2,2,1,44422.96142951,8.144826734287033e-05,16.30104579086277,-0.17230859764121942,0,140.82323636851044,-1.3319213276176026e-05,0.03578157742421243,0.03578157742421243,2.2950149613022027e-06,-1.0636788621702906
2021-02-02 17:00:00,34974.33,35006.88,34747.47,34882.36,2.714368,0.0007749037135447,2,2,1,52979.027418394246,0.000105326102121,3.2535980620876384,0.023056783450609686,0,172.2421470472597,-8.007967049365103e-05,0.11644641443119277,0.11644641443119277,-1.8463796213682898e-06,-0.12076817602424378
2021-02-02 18:00:00,34882.36,35310.71,34800.0,35310.7,6.298475,0.0122047768537765,2,2,1,52183.99227957361,0.0002415510758956,9.29966058912692,0.025142221209946136,-1,167.88777103465765,-4.238477280703814e-05,0.5913727572457398,0.5913727572457398,-1.0656473338478627e-06,-1.1323954329748798
2021-02-02 19:00:00,35298.73,35799.0,35184.39,35761.21,15.146898,0.0126777522657608,2,2,1,48580.704864460895,0.0001232125675123,15.146080129728103,-0.0027328243832910326,0,157.97413235238713,3.279169227493557e-07,0.15388069031813462,0.15388069031813462,-8.961393621832012e-10,-1.939965793934403
2021-02-02 20:00:00,35795.26,35976.92,35527.46,35814.21,13.398879,0.0014809556042223,2,2,1,54886.92091756409,0.0003825349303828,9.933735660032449,0.012590124911531442,2,173.81193121703058,6.738641029394935e-05,0.9379099867905059,0.9379099867905059,8.484033229405305e-07,-0.9695587348724795
2021-02-02 21:00:00,35831.75,35887.44,35591.54,35669.89,3.453612,-0.004037826484021,2,2,1,53361.310179127046,8.335684907742833e-06,5.842077896985224,-0.027778552741490103,0,166.9257516110483,6.46657035719266e-05,-0.2927317802438102,0.2927317802438102,-1.7963196572383279e-06,-1.9978226409089022
2021-02-02 22:00:00,35650.62,35804.4,35551.32,35594.53,1.234442,-0.0021149411751419,2,2,1,52415.71543150797,0.0003458655679276,0.8662922412970322,0.04901372835398088,0,167.17270952580708,0.0001356635289842016,0.8528480757288541,0.8528480757288541,6.649375357174069e-06,-0.7997451982671575
2021-02-02 23:00:00,35578.38,35690.01,35472.04,35505.83,2.625823,-0.0024950660169853,2,2,1,51165.49465763036,9.79763164681492e-05,2.7186971886402502,0.010758414480623646,-1,167.04469749362403,0.00017328131406975773,0.06968945209543938,0.06968945209543938,1.8642321985095754e-06,-1.3237063766210104
2021-02-03 00:00:00,35477.64,36241.0,35381.06,36134.34,20.937952,0.0175467513779814,2,2,1,49489.39736229738,0.0004342501766182,16.12003080084703,0.07936324147746832,0,177.21327299034476,0.00021738155272917395,1.3025300221280565,1.3025300221280565,1.7252104661992445e-05,-0.4749330669194247
2021-02-03 01:00:00,36134.34,36350.0,35854.12,35876.07,9.582051,-0.0071731603089801,2,2,1,51656.69780915212,5.620407765103048e-05,17.136079423055264,0.0795899937263369,2,176.93951282223404,0.00021124129967042777,-0.1510866273453554,0.1510866273453554,1.68126937155126e-05,-1.4585626513241208
2021-02-03 02:00:00,35868.54,36129.78,35826.61,35919.99,8.12567,0.0012234656185459,2,2,1,48157.988217291546,0.0003332102021158,11.76855636422682,0.021595127177275186,0,161.93341055894194,0.0002226986904479528,0.9620098912846335,0.9620098912846335,4.8092065424361795e-06,-0.45933257240979164
2021-02-03 03:00:00,35921.26,36499.29,35921.26,36414.83,7.11159,0.013682144215581,2,2,1,52044.98438105907,0.0005051258145582,12.725544422732472,0.009138950926602885,0,170.0940337665114,0.0002704378463286903,1.485504859843493,1.485504859843493,2.4715182062940726e-06,-0.509424476080832
2021-02-03 04:00:00,36407.68,36842.5,36407.68,36617.88,18.566076,0.005560536455091,2,2,1,52047.4398784292,-0.0001411012039254,19.396268542181648,-0.03888698862857398,0,170.01429983562542,0.00020498332954016526,-1.0578565366192756,1.0578565366192756,-7.971184404875639e-06,-2.687076785832377
2021-02-03 05:00:00,36646.15,36689.18,36387.82,36443.89,4.203881,-0.0047628281906302,2,2,1,46663.23742952638,0.0003926048435619,5.111743679119427,-0.11615430536271643,0,152.00563875439062,0.0002530169743719349,1.017175961712969,1.017175961712969,-2.9389010903148324e-05,-0.18410096548364185
2021-02-03 06:00:00,36477.83,36814.78,36425.01,36537.36,63.983548,0.0025614812326768,2,2,1,46248.90619368598,3.312815376196212e-05,67.20252572070063,-0.09008455557392747,0,128.64205258244496,0.00021392479760123017,-0.3421760591028813,0.3421760591028813,-1.9271320318149205e-05,-1.14413646818883
2021-02-03 07:00:00,36486.48,36582.71,36264.76,36264.76,70.799618,-0.0074888279079576,2,2,1,48243.86708131379,0.0003443764995726,104.7241964933281,-0.0194857078609183,0,106.15371518824679,0.0002447248204892865,0.8739188973116065,0.8739188973116065,-4.76863635836991e-06,0.3856322374726331
2021-02-03 08:00:00,36286.03,36287.1,35693.49,36008.92,36.290011,-0.0070797853002417,2,2,1,48757.63878927784,0.0002574425121772,45.546684843647455,-0.020030256846579775,2,99.13232405412198,0.00022262386243416152,0.47127599721655555,0.47127599721655555,-4.459213144733898e-06,1.1305646646759964
2021-02-03 09:00:00,35947.56,35991.99,35517.23,35858.58,9.461359,-0.0041838165874672,2,2,1,51351.577534496246,-0.0003072062218349,9.723327123983571,-0.02576838976771978,1,119.03762343877244,0.0001771975749984202,-1.7297862687285535,1.7297862687285535,-4.566096178454049e-06,0.08730122215523184
2021-02-03 10:00:00,35845.18,36034.97,35656.56,35999.17,2.998869,0.0039130136801954,2,2,1,52933.75256912483,-0.0001488151238196,5.219010651283127,0.06312983523928062,0,122.79054348718321,0.00011694440925649519,-1.0314554644325191,1.0314554644325191,7.382681288517544e-06,0.3497646937525227
2021-02-03 11:00:00,36007.92,36232.49,35851.31,35959.59,2.80025,-0.0011000746536353,2,2,1,52400.23987415131,0.0004248966727763,4.329476677635479,0.060963812944966556,0,123.61220711716594,0.00010691576653375771,1.2497091306241586,1.2497091306241586,6.51799279183172e-06,2.0553678103856745
2021-02-03 12:00:00,35891.27,36355.96,35820.96,36154.23,4.242256,0.0053981462263479,2,2,1,51638.622338921945,-0.0002901012979118,5.947821111558359,-0.02823524837874225,0,123.12911799060477,8.829075478545771e-05,-1.6568635140970707,1.6568635140970707,-2.4929113909140243e-06,-0.9966081880077527
2021-02-03 13:00:00,36157.71,36702.91,35961.27,36537.49,21.881717,0.0105449025384292,2,2,1,48329.23233435868,0.000120893992647,27.35806438177359,-0.06167714281162384,0,110.94582113315279,5.432689842109521e-05,-0.012592675833369545,0.012592675833369545,-3.3507278724304713e-06,0.19689839856983407
2021-02-03 14:00:00,36545.13,36767.65,36398.46,36563.43,83.36532,0.0007097038201102,2,2,1,48862.808807447575,0.0002570222005027,124.48781440149584,-0.038502862133509175,2,88.77097548041337,8.231365426368745e-05,0.47728819349259144,0.47728819349259144,-3.1693112818200978e-06,0.5919796943486815
2021-02-03 15:00:00,36563.43,36907.09,36563.43,36853.75,23.263257,0.0079088167994605,2,2,1,51645.40816608741,5.779586284291832e-05,29.636933859388314,-0.003756958515673925,2,90.63853500151272,4.649107467247723e-05,-0.4293756301179749,0.4293756301179749,-1.7466503889359566e-07,-1.0240631662229018
2021-02-03 16:00:00,36910.52,37217.05,36639.02,37154.91,22.044522,0.0081385519559926,2,2,1,48666.08099202462,2.696199373567025e-05,24.18085549934892,0.0955163596926687,0,84.24473035753617,1.7681009867286013e-05,-0.5532192100698613,0.5532192100698613,1.6888256982133152e-06,-1.1855908415397556
2021-02-03 17:00:00,37172.74,37172.74,36923.52,37102.76,22.080357,-0.0014045689441513,2,2,1,49243.93484429103,2.402995169118244e-05,24.804220953717305,-0.07050134281639153,0,82.17927728192178,5.908553155804631e-05,-0.5479845214139535,0.5479845214139535,-4.165609315862543e-06,-0.9855900107945625
2021-02-03 18:00:00,37171.71,37175.51,36712.24,37100.49,12.733794,-6.118330398408034e-05,2,2,1,49880.99389274536,-0.0001251192566378,18.422993444673228,-0.04413227670451181,0,81.99403846969435,6.204751495577133e-05,-1.106352892004241,1.106352892004241,-2.738298098855435e-06,-0.7568528416445892
2021-02-03 19:00:00,37156.66,37156.66,36790.18,36790.2,9.83659,-0.008398671711582,2,2,1,50806.954731953054,-0.0003965269585065,16.089077149701385,0.04582580416861681,0,83.38686927255381,-4.063043895457869e-05,-1.9721902137641458,1.9721902137641458,-1.861922538817463e-06,-0.45945894001512344
2021-02-03 20:00:00,36790.2,37060.79,36649.81,37034.71,11.198985,0.0066240756421613,2,2,1,53362.72747115462,-0.0001794186491471,9.909313935113545,-0.027769702160897247,0,87.58503960330869,-2.6795107858991185e-05,-1.040217123188018,1.040217123188018,7.440921646133023e-07,0.07910730563657298
2021-02-03 21:00:00,37065.47,37406.07,36970.3,37261.91,10.011861,0.0061160442620344,2,2,1,52377.8810159793,-0.0003662336133214,9.606921335806804,-0.01842962925472602,0,85.44063368101395,-8.768605860504119e-05,-1.6050123103234506,1.6050123103234506,1.6160215508990875e-06,-1.1043183663628091
2021-02-03 22:00:00,37259.83,37499.99,37217.38,37277.39,9.715631,0.0004153513709557,2,2,1,52009.87179042848,-0.0003489076674372,10.48026822405909,-0.0077427854935950835,0,83.53034659735137,-0.00016342729209752868,-1.4023520355773087,1.4023520355773087,1.2653824665102714e-06,-1.0783374367482157
2021-02-03 23:00:00,37259.97,37652.5,37259.97,37633.27,14.180688,0.0095015229439532,2,2,1,49404.232729278,0.0003742742343177,22.93573074118615,-0.034422845711503336,0,76.85027353419925,-0.00012386749566318096,1.1049756895336567,1.1049756895336567,4.263871691883987e-06,0.7343690415870825
2021-02-04 00:00:00,37601.48,38144.59,37601.48,38069.5,15.875668,0.011524937026218,2,2,1,50505.525964026594,9.932820183326188e-05,23.51718377622701,0.020532248438800638,2,77.66966808888111,-0.00011482171965098201,0.20758123881053897,0.20758123881053897,-2.35754807404428e-06,0.14842464256005528
2021-02-04 01:00:00,38050.51,38287.55,37867.36,38150.92,9.655309,0.0021364361668201,2,2,1,48740.02310259134,0.000217217129313,9.486236064370893,-0.05646266273807443,-1,75.8468818509023,-9.067332244825481e-05,0.603927572385707,0.603927572385707,5.119657224736485e-06,-0.008465423509921188
2021-02-04 02:00:00,38164.08,38207.18,37495.84,37895.09,23.012851,-0.0067283205292234,2,2,1,48169.48629133836,6.321932340341721e-05,31.944197802090063,0.00023875735827960654,0,72.67723885684978,-6.713099994310266e-05,0.09509454772982893,0.09509454772982893,-1.6028020205083607e-08,-0.07603074546096868
2021-02-04 03:00:00,37885.06,38011.16,37371.71,37492.16,13.5821,-0.0106897077924621,2,2,1,50109.47690587072,-0.000337525566932,10.66841611656144,-0.03718912587266998,0,75.83964905274962,-5.975582599629017e-05,-1.2869800206641788,1.2869800206641788,2.2222669346014e-06,-0.07199320475802695
2021-02-04 04:00:00,37492.16,37777.77,37317.82,37676.76,6.274506,0.0049116142976828,2,2,1,54835.34757740839,-6.84370976695342e-05,5.936255410993487,0.053564742194642134,0,84.71798395191644,-4.588313206159445e-05,-0.2803763677923709,0.2803763677923709,-2.4577181399620253e-06,0.9069194380264145
2021-02-04 05:00:00,37672.98,37928.78,37466.5,37563.87,4.404518,-0.0030007745738238,2,2,1,50236.3563017605,0.0008896567709991,6.942556361340529,0.07657245980051108,0,77.39385294912073,0.00011110316597846805,2.787364482924998,2.787364482924998,8.507442710595756e-06,3.7859790903659905
2021-02-04 06:00:00,37563.88,38198.08,37537.61,38142.29,26.293852,0.0152809561444602,2,2,1,52040.5878435818,0.0004287071841457,39.98365311400015,0.12522851082446818,2,83.68252175951535,0.00020830502242633053,1.2049122859123154,1.2049122859123154,2.6085727755706818e-05,1.269673743682928
2021-02-04 07:00:00,38142.29,38167.8,37812.76,37900.24,39.348325,-0.00636619579838,2,2,1,47819.00107725661,8.678275388052796e-05,37.18113968696888,-0.008806632423165373,0,86.26323273474695,0.00017236858737168403,0.17536212067591012,0.17536212067591012,-1.517986790282686e-06,0.11444834519611669
2021-02-04 08:00:00,37838.63,38696.53,37119.53,37289.11,109.375536,-0.0162561176047155,2,2,1,52044.33266973415,-7.720459077626043e-05,91.5073302410281,0.06740879915577613,-2,86.69737943429806,0.00015030198829549376,-0.30496018710621325,0.30496018710621325,1.0131676541724754e-05,0.2983818722432336
2021-02-04 09:00:00,37289.11,37616.54,36752.09,37482.42,251.708071,0.0051706961378492,2,2,1,47032.826540581176,-0.0001211170403984,432.2161253530375,-0.08410162260378229,0,45.98476044487476,0.00010801021708156876,-0.4804998771237843,0.4804998771237843,-9.083834514346695e-06,-0.4755436927525257
2021-02-04 10:00:00,37512.61,37769.0,37211.67,37610.18,3.96172,0.0034027353766834,2,2,1,48113.1836306608,0.0002467871048684,5.699471368977542,-0.09106796145179719,1,47.01895581044003,0.00013095618976469162,0.6695082248878672,0.6695082248878672,-1.1925913241365173e-05,0.7967688086039167
2021-02-04 11:00:00,37575.75,37904.81,37307.99,37307.99,9.166188,-0.0080672456064174,2,2,1,51828.98489349245,-0.000223923416189,12.249848770776468,-0.010901762702438589,-2,50.26121549255043,0.0001451564586075666,-0.7982222315731241,0.7982222315731241,-1.5824612664660405e-06,-0.05042590443940309
2021-02-04 12:00:00,37307.99,37733.94,37045.93,37697.81,5.543253,0.0103944897554324,2,2,1,49825.484486079,-4.301471585154883e-05,5.944952304176296,-0.03511204929021339,1,48.3184531772582,0.00014833425633481478,-0.2333194224463596,0.2333194224463596,-5.2083197198551634e-06,0.08634863989965588
2021-02-04 13:00:00,37600.76,37676.76,37288.89,37621.44,13.566045,-0.0020279019287077,2,2,1,50258.33088358631,0.0001959038529973,23.226394621718036,0.03991577056058837,0,48.934272689653845,6.161514158458977e-05,0.570105040229423,0.570105040229423,2.4594158545486527e-06,1.8804403156151146
2021-02-04 14:00:00,37621.76,37721.13,36671.42,36823.03,76.480944,-0.0214506360006865,2,2,1,54005.86090923234,0.0003600492820163,55.24046818097135,0.1052549418935751,0,56.38470074244836,5.303290381841477e-05,1.0982649337679098,1.0982649337679098,5.581975209854803e-06,3.6397007924398634
2021-02-04 15:00:00,36781.26,36969.68,36181.63,36566.25,31.243164,-0.0069977808162917,2,2,1,48825.79982954036,5.965919170222828e-05,23.578562011399857,-0.05459552817318081,0,51.30095968461735,4.964245854612731e-05,0.09038047600387873,0.09038047600387873,-2.7102562441410536e-06,2.9110974002916583
2021-02-04 16:00:00,36581.66,36969.69,36419.02,36944.8,14.37427,0.0102992229382277,2,2,1,47626.22765369259,8.833240576525879e-06,11.553557409676705,-0.021367106558311866,0,50.713413043401005,6.03971874652256e-05,-0.07756127305721666,0.07756127305721666,-1.290513140391813e-06,2.2331219040059773
2021-02-04 17:00:00,36944.8,37070.7,36787.22,36856.22,3.853922,-0.00240050998039,2,2,1,50093.03661858236,0.0004277645280788,6.072595594091234,0.017242768616605897,1,54.4256888802443,0.0001290073835248756,1.2269091608192415,1.2269091608192415,2.2244444639531656e-06,3.2983443765409284
2021-02-04 18:00:00,36878.1,37413.04,36802.57,37153.69,12.114679,0.0080386964905141,2,2,1,50831.19411829555,0.0001773484963947,14.914615350458746,0.019049344277167313,-2,55.43901500635446,0.00012032755746566308,0.37692731430301746,0.37692731430301746,2.29216106819405e-06,1.8820044110708007
2021-02-04 19:00:00,37132.05,37490.23,36997.24,37465.21,2.453781,0.0083496757484606,2,2,1,45685.75849114771,-2.6104540063105056e-05,4.24957210492658,-0.10079715007175127,1,50.47897068311975,0.00014505491698139995,-0.35174209440668175,0.35174209440668175,-1.4621122235619594e-05,0.3163512586164237
2021-02-04 20:00:00,37500.0,37777.77,37374.42,37634.82,4.20637,0.0045169166609593,2,2,1,52310.0899441954,0.00014690405257,6.264487250363685,-0.019726081796104245,-1,58.032015368993655,0.00016879476303409356,0.19632828578552494,0.19632828578552494,-3.3296593023645626e-06,0.9220507882604472
2021-02-04 21:00:00,37634.82,37734.34,37333.33,37622.3,19.027857,-0.000332725996305,2,2,1,52670.86625594052,0.0006384916941344,15.702532368649814,0.005593682567491376,0,58.039768259848344,0.00022411824317623103,1.7367923131866205,1.7367923131866205,1.2536463099116765e-06,2.6884082945308903
2021-02-04 22:00:00,37679.89,37686.24,37021.1,37239.59,47.11484,-0.0102245170155335,2,2,1,52207.20120861311,-0.0001267054997808,39.20822404029075,0.00379407622806216,2,55.7635729218703,0.00016327389545159356,-0.9622462951812037,0.9622462951812037,6.194736053959976e-07,0.35524974569971113
2021-02-04 23:00:00,37240.14,37373.73,36849.98,36961.45,51.739309,-0.0074969650755587,2,2,1,47330.56335430214,0.0002049524147597,41.02371900043112,-0.04197351644623282,0,49.59652469755695,0.00018143554833377753,0.2565029927812125,0.2565029927812125,-7.615487971919081e-06,2.117053600677653
2021-02-05 00:00:00,36935.44,37233.98,36796.92,36960.66,12.598644,-2.137384877265447e-05,2,2,1,50968.923751547765,6.11053108059341e-05,18.536345635514312,0.00917518981687726,-2,53.689292773908655,0.00018796955711245354,-0.2609789155440129,0.2609789155440129,1.7246563663011125e-06,1.791360202027018
2021-02-05 01:00:00,36979.0,37297.24,36570.91,36613.58,6.405055,-0.0094348939158859,2,2,1,49961.92320855765,-0.0001663950562154,5.449196841097254,0.02506974819019625,-2,52.853304625424535,0.00011369960907567855,-1.0080960508434529,1.0080960508434529,2.8504205688510135e-06,1.1976179937653642
2021-02-05 02:00:00,36601.12,36970.46,36601.12,36970.46,22.157475,0.0097000055510783,2,2,1,53737.559182235455,0.0005230850082736,26.66503970051936,0.11559336251211638,-2,57.16670033846577,0.00015691667306054106,1.3224914486249102,1.3224914486249102,1.813852587328237e-05,2.78965113340689
2021-02-05 03:00:00,36964.13,37399.65,36921.04,37350.0,8.392944,0.0102136961867298,2,2,1,49022.911921026775,0.000101181888457,8.13527403724605,-0.021683822141768228,1,52.292114700754574,0.00017282747662555417,-0.19336651312649397,0.19336651312649397,-3.7475602643591223e-06,0.4307351386267263
2021-02-05 04:00:00,37373.73,37484.37,37212.2,37281.34,5.888064,-0.0018399782014046,2,2,1,50804.18273594268,-7.772653553221393e-05,9.622174300643264,-0.07351398358103067,-1,53.97993940256925,0.00014474865311277742,-0.8416530186841823,0.8416530186841823,-1.0641050108309024e-05,-0.02886117652021658
2021-02-05 05:00:00,37258.73,37335.53,37004.09,37229.39,6.886155,-0.0013944302630708,2,2,1,49930.08175463058,-9.179265959966955e-06,9.731759584851073,-0.006096671209396387,0,52.894442965651635,6.378978310098158e-05,-0.5515078912740725,0.5515078912740725,-3.889053340853946e-07,0.1394389737572853
2021-02-05 06:00:00,37081.08,37649.99,37061.26,37379.4,21.645569,0.0040212474198764,2,2,1,51236.5725473569,0.0001552704989093,38.14136521375434,-0.015449773523726007,2,54.38464103711199,9.903678293724408e-05,0.22981914237923942,0.22981914237923942,-1.5300958668988333e-06,1.2593813077003015
2021-02-05 07:00:00,37407.58,37731.82,37400.95,37648.76,41.19916,0.0071802682423509,2,2,1,51017.17896979405,-1.4313922773946092e-05,53.774347240114174,0.0668809013256142,2,53.21451492725762,7.162849074553832e-05,-0.5247069099823416,0.5247069099823416,4.790578021655018e-06,-0.07549964172807028
2021-02-05 08:00:00,37674.35,37781.98,37436.6,37713.84,5.72653,0.0017271170627708,2,2,1,49534.37118212848,0.0003502864491681,9.912830966148784,-0.048227373834025755,-1,56.474302907737346,0.00010777613304080905,1.043902825576767,1.043902825576767,-5.197759858544793e-06,0.7066430231919085
2021-02-05 09:00:00,37746.91,37747.68,37236.93,37249.41,14.831573,-0.0123910300653911,2,2,1,47782.92321945367,4.794404466059455e-05,10.541064794338316,0.015948364877141463,0,104.91632536205765,0.00013456852065030835,-0.3594093788516638,0.3594093788516638,2.1461478683082633e-06,-0.020592751244246865
2021-02-05 10:00:00,37238.26,37667.57,37191.84,37387.3,6.535077,0.0036949687863234,2,2,1,50987.3132151665,0.0001726553078067,9.202640840387176,0.059736840666559266,0,111.09761405859005,9.076480809194588e-05,0.23224308997352766,0.23224308997352766,5.4220028791194e-06,0.485146968724658
2021-02-05 11:00:00,37406.62,37722.73,37406.58,37673.58,1.891909,0.007627978465587,2,2,1,51230.38489918532,-0.0002543492685855,2.9242761411859046,-0.0115495218657522,0,113.94253186757552,4.6323413461633376e-05,-1.7280818735595442,1.7280818735595442,-5.350132766714145e-07,-2.3689270790008403
2021-02-05 12:00:00,37644.56,38153.75,37524.55,37860.41,8.276929,0.00494692206804,2,2,1,49943.18509564052,-0.0004579574625624,6.661109432440723,0.002362257201822038,-1,110.90299637834741,-1.2054524171398835e-06,-2.2872967477757054,2.2872967477757054,-2.8475886538424732e-09,-2.7866884955216333
2021-02-05 13:00:00,37890.76,38300.11,37774.73,38265.08,8.820146,0.0106317558491824,2,2,1,49633.792264656,0.0001584784073471,9.688253070667908,-0.012426569047367275,-1,113.63203478569976,1.975175674624349e-05,0.22803694439363634,0.22803694439363634,-2.454465690139971e-07,-1.1966785187204245
2021-02-05 14:00:00,38296.67,38344.42,37976.42,38096.11,13.494523,-0.0044255537605017,2,2,1,51623.8393376572,-2.8787003337941435e-05,11.886310020192376,-0.04410672344578681,2,131.2115154340958,-3.2554310346616885e-06,-0.4791673431918974,0.4791673431918974,1.4358639634265472e-07,-2.721332793465595
2021-02-05 15:00:00,38103.08,38285.67,37893.76,37966.29,89.611718,-0.0034135164300934,2,2,1,52168.17509612845,-0.0001117085957873,133.5191831701068,0.06845510525699372,2,103.63567476184187,-1.5429765161330927e-05,-0.7836162638059134,0.7836162638059134,-1.0562461982096032e-06,-2.8876708824457307
2021-02-05 16:00:00,37975.74,38163.77,37686.79,37810.82,18.474331,-0.0041033557005309,2,2,1,51442.852747304736,0.0005241413064308,14.30491590633472,0.08013704384408094,2,101.63923593297714,6.302091996506572e-06,1.6326656738439531,1.6326656738439531,5.050310226334787e-07,0.42712243327383526
2021-02-05 17:00:00,37802.4,37950.35,37754.28,37886.45,6.343935,0.0019982233220616,2,2,1,49313.3572283482,0.000180785742207,4.4417593689664425,-0.015564626200858633,0,97.74679848449816,2.2907304189807254e-05,0.3607454733700793,0.3607454733700793,-3.5654362698371274e-07,-0.9527999404026206
2021-02-05 18:00:00,37888.38,37888.38,37338.58,37379.53,8.246125,-0.0134702999944096,2,2,1,50174.58725526556,0.0003924120333961,11.654717654075371,-0.01291739992379326,-2,100.10070480468087,5.037689488848225e-05,1.1377926925796453,1.1377926925796453,-6.507384981934217e-07,0.9234987890859732
2021-02-05 19:00:00,37391.58,37672.79,37263.97,37645.96,5.658312,0.0071024159919215,2,2,1,53385.839586267146,-5.797136712425446e-05,5.278728647970902,0.1685444512563241,0,106.28907252772699,7.492413257113795e-05,-0.6038784876803797,0.6038784876803797,1.2628046810058525e-05,-0.7865182075723207
2021-02-05 20:00:00,37603.28,37804.19,37509.86,37763.46,20.214725,0.0031163240637983,2,2,1,50909.487215602094,-6.738824527781339e-05,20.641143074478872,-0.026775001344625404,0,98.5382591605879,0.00012374528473171127,-0.601267856458086,0.601267856458086,-3.313280165082623e-06,-0.741566561926646
2021-02-05 21:00:00,37766.33,37926.86,37675.76,37813.49,36.922323,0.0013239488311675,2,2,1,49463.53947540924,0.0005644928083231,54.62496375450981,-0.06089375414761744,1,89.03216159931222,0.00017449708485371126,1.885081636225498,1.885081636225498,-1.0625782584557833e-05,1.6490708616470164
2021-02-05 22:00:00,37794.33,37970.25,37731.33,37797.05,21.968032,-0.0004348600144652,2,2,1,53222.862101186416,-0.0001973295713315,37.88011058501985,0.0194544214028034,-2,96.02833444751083,0.00015342926385451643,-1.091942334372491,1.091942334372491,2.9848775545476747e-06,-1.7934179752433133
2021-02-05 23:00:00,37797.05,38306.68,37797.05,38306.68,8.324398,0.0133932362591018,2,2,1,53483.038033325705,0.0004425467289038,14.38776646695433,0.1299894664884511,2,101.36941463784956,0.00022271117944090392,1.3136849125957961,1.3136849125957961,2.8950107396536802e-05,-0.293708262145143
2021-02-06 00:00:00,38306.68,38849.99,38209.7,38770.8,18.792853,0.0120430924700283,2,2,1,48019.69960377625,7.711326714964471e-05,28.395027851221908,-0.05786318271399549,0,89.3449669131495,0.0001668326745307595,-0.062109673237740526,0.062109673237740526,-9.653469529037878e-06,-2.047175776043212
2021-02-06 01:00:00,38755.13,39471.53,38315.76,38838.93,55.662055,0.0017557081438361,2,2,1,50137.98956749866,6.876471078216375e-05,98.9680047886614,0.003524010839335512,0,79.46015679129532,0.00015283004560265502,-0.13318642894355587,0.13318642894355587,5.385747372798969e-07,-2.4418623901442937
2021-02-06 02:00:00,38838.93,39500.0,38613.76,39383.61,12.784614,0.0139266457833873,2,2,1,48599.6844195068,0.0005858444593446,15.449407027286352,-0.09561049740471161,-1,78.41604008708751,0.0001770090988462175,1.8106241939210097,1.8106241939210097,-1.692392798584662e-05,-0.395712327306589
2021-02-06 03:00:00,39442.22,39670.59,39212.27,39350.23,16.836733,-0.0008479200811208,0,0,1,50004.16748192076,4.360732538633151e-05,29.75710639986751,0.02001626428219394,0,77.9623132127879,0.00018970643541004072,-0.226329439394907,0.226329439394907,3.79721414720033e-06,-1.7540276859929709
2021-02-06 04:00:00,39344.69,39369.52,38983.29,39168.81,8.369559,-0.0046210530041825,1,1,1,52149.37581330055,5.3721496279611e-05,9.187201968792378,0.026477998560661353,-1,81.36212006485677,0.00020484515310471878,-0.2108873834016836,0.2108873834016836,5.423889669065198e-06,-1.4991835492871197
2021-02-06 05:00:00,39213.69,39216.8,38752.13,39057.82,5.049085,-0.0028376545040202,0,0,1,49117.08751985917,0.0001574024756039,8.73417529866541,-0.016282653787083157,-1,76.75067672852126,0.00015395886151481879,0.1579601866687234,0.1579601866687234,-2.5068588394992755e-06,-0.9705221104185782
2021-02-06 06:00:00,39037.84,39447.94,39010.67,39275.31,4.046192,0.0055529648532104,1,1,1,47888.85130918595,-0.0002752511832933,4.148596283893361,-0.06533850864198065,-1,79.02924876768805,0.0001442186600195938,-1.3658972134948828,1.3658972134948828,-9.423032164025098e-06,-2.4879860275000203
2021-02-06 07:00:00,39209.52,39480.6,39161.62,39373.33,3.161362,0.0024926063756609,0,0,1,50406.08426473341,0.0004745259572339,2.27777392991906,-0.011978214346631266,0,90.90906786812607,0.0001482160635608563,1.2595094061889807,1.2595094061889807,-1.7753637789458604e-06,0.42258355655232116
2021-02-06 08:00:00,39366.89,39688.81,39363.79,39438.07,4.034457,0.0016429098978569,1,1,1,49716.42614864796,0.0002625974149578,3.993468262356668,0.0036753260851964953,0,90.63282139220172,0.00017140158203687573,0.5274976290723292,0.5274976290723292,6.299567055040764e-07,-0.2398066907439821
2021-02-06 09:00:00,39411.28,39891.95,39402.29,39891.95,7.033634,0.0114429557089028,2,2,1,48184.43261415314,-0.0001125086807239,11.917494759930824,0.008402780065494442,-1,87.62014534986484,0.00014874240809861774,-0.7779381117871611,0.7779381117871611,1.2498497416647042e-06,-2.502078719045507
2021-02-06 10:00:00,39892.19,40009.86,39509.11,40009.86,12.712772,0.0029513745831035,2,2,1,51622.52704558284,0.0006140607349722,22.790617622157438,0.012458272271295145,0,91.6085492989388,0.00015226944255206776,1.6155807152797728,1.6155807152797728,1.897014173911995e-06,0.05365074615596832
2021-02-06 11:00:00,40009.86,40451.44,39999.41,40127.89,10.070095,0.0029456800408258,2,2,1,50258.44194325101,7.270216118955757e-05,12.656825450758816,-0.018972001827567087,2,87.67363288395983,0.00015590629702747099,-0.2318802813646574,0.2318802813646574,-2.9578545521343966e-06,-1.461804768476758
2021-02-06 12:00:00,40179.24,40432.05,39886.96,39946.0,10.838696,-0.0045430617356494,2,2,1,50588.24358638945,-1.6421418242349985e-05,10.343934363463308,0.012915846066158032,2,87.68561879610851,0.0001471384327122259,-0.6621956245830461,0.6621956245830461,1.900417347326861e-06,-1.3828720726768347
2021-02-06 13:00:00,40020.0,40224.61,39952.23,40121.49,7.485831,0.0043835589453831,2,2,1,53350.14937097313,-0.0003494666162263,12.89214859381746,0.07487554218103809,2,91.96218493830733,8.377979623345089e-05,-1.7150340011105012,1.7150340011105012,6.273057666796528e-06,-2.082797780443441
2021-02-06 14:00:00,40135.12,40561.86,40135.12,40243.65,6.834485,0.0030401264550103,2,2,1,51467.68152638371,0.0003712404722075,9.921997692360518,-0.0030249166524035642,2,89.0187011556784,0.00016459125317105087,0.7607786242957145,0.7607786242957145,-4.978748225570827e-07,0.07455214964300594
2021-02-06 15:00:00,40290.72,40872.85,40209.07,40872.85,6.784524,0.0155138010022692,2,2,1,52161.87722859373,-0.0003616009130626,5.124285949575882,-0.00012072240447580374,0,115.97399863872744,6.007539438398839e-05,-1.6855724217425208,1.6855724217425208,-7.252446059867275e-09,-3.155538499450185
2021-02-06 16:00:00,40849.45,40958.13,40494.46,40593.4,7.655735,-0.0068605366288743,2,2,1,50872.0742516882,-0.0003230484466946,5.936613552589502,-0.011095389643733133,-1,115.25063050968052,-1.3130338322561621e-05,-1.4244066551554415,1.4244066551554415,1.456862198428625e-07,-2.6498460450858166
2021-02-06 17:00:00,40632.68,40653.0,40142.85,40202.09,10.580417,-0.0096865074934768,2,2,1,50798.55803344979,0.0001050935599969,16.92595719952206,0.030117616982033635,2,111.91869032667292,1.406994176753838e-05,-0.00039860900737376264,0.00039860900737376264,4.237531171142382e-07,-0.6295174895190865
2021-02-06 18:00:00,40195.84,40429.65,40040.36,40304.57,12.064975,0.0025458777038309,1,1,1,46651.572060079016,0.0003407930216784,16.17382355145811,-0.07021513056526074,0,101.76885267112252,-2.0088522394186626e-05,0.7910407240379187,0.7910407240379187,1.4105182227709782e-06,-0.49687918989574786
2021-02-06 19:00:00,40253.61,40400.3,39952.7,40186.48,11.193374,-0.0029342413778259,0,0,1,51254.8620179724,0.0002753074640769,11.328389673407257,-0.03991653188953337,-1,110.35441456517191,5.2371404667311735e-06,0.5270446124576875,0.5270446124576875,-2.0904848445024056e-07,-0.22279523255187483
2021-02-06 20:00:00,40135.92,40156.36,39525.66,40072.61,15.660252,-0.0028375621105212,1,1,1,52640.79333771444,-0.0004867148819722,13.072927076072595,0.03400753409242285,-2,115.215812458546,-5.3549542499500073e-05,-1.8148635739736065,1.8148635739736065,-1.8210878921853953e-06,-2.186011391571971
2021-02-06 21:00:00,40103.28,40239.51,40059.78,40064.79,3.428703,-0.0001951648050688,0,0,1,48497.953364985085,0.0004058587579162,4.95947274360484,-0.01952116893907674,1,119.09430024612773,4.086612926831243e-05,0.9949494449500332,0.9949494449500332,-7.977546133328754e-07,0.8074083329064196
2021-02-06 22:00:00,40053.47,40459.38,39891.25,39958.86,5.412346,-0.0026474688888278,1,1,1,52459.97928453202,0.0006416692793919,9.101788582048794,-0.014333742804060745,-2,138.61989536962992,7.466973016636243e-05,1.5699954144351727,1.5699954144351727,-1.0702967074532551e-06,1.7064945063222454
2021-02-06 23:00:00,39960.1,39960.1,39043.21,39220.16,15.440391,-0.0186595245337493,2,2,1,48537.87501176187,0.0002562594868195,14.306961384108918,-0.09246226847626837,1,128.28354444675267,0.00015190228015162494,0.4234106248928703,0.4234106248928703,-1.4045229409536878e-05,3.248200382817239
2021-02-07 00:00:00,39177.37,39585.0,38722.89,39532.64,14.366581,0.0079357594879301,2,2,1,47712.31783174435,-0.0003287921879178,17.474435694214268,-0.006401159827491454,-2,129.84943208291898,0.00015118431249872493,-1.2915614766394707,1.2915614766394707,-9.677549477137521e-07,1.3013493012779156
2021-02-07 01:00:00,39494.89,39539.35,38500.0,38674.85,13.16176,-0.0219371418219171,2,2,1,48805.6492686207,-0.0001712295438051,12.477159383738456,-0.026573468748368745,0,173.71491060316106,0.00011664392452347492,-0.7797388197991109,0.7797388197991109,-3.0996336830116436e-06,2.296380653164561
2021-02-07 02:00:00,38650.55,38801.0,38333.35,38774.49,10.248292,0.0025730381943187,2,2,1,53323.381290120815,-0.0002374959146797,10.12981666475929,0.09719603999564308,0,193.45791937560617,4.435780747871244e-05,-0.9020085873869378,0.9020085873869378,4.31140322981997e-06,1.913247206583737
2021-02-07 03:00:00,38707.46,38908.08,38560.11,38805.24,3.149675,0.0007927328855199,2,2,1,49658.14039496668,-0.0001034108930367,5.47046036915084,-0.006919964962504244,-2,197.56859459730447,-2.9819871604875602e-06,-0.4728405931279812,0.4728405931279812,2.0635246669211434e-08,1.8204655704356885
2021-02-07 04:00:00,38765.84,38781.25,37950.0,38346.56,12.825704,-0.011890465397391,2,2,1,50715.79793024128,0.0002206229846111,22.236816526265866,-0.02748983781112946,0,191.81761192568598,8.543524616242494e-05,0.4848226208243177,0.4848226208243177,-2.348601060358982e-06,2.655396510229541
2021-02-07 05:00:00,38319.68,38668.56,38164.6,38545.02,10.670935,0.0051620851255442,2,2,1,49448.42556375926,-0.0002810406100685,17.946902139008415,0.006745881334395465,-2,180.72682428133993,-4.271748356625638e-07,-0.9529585952604371,0.9529585952604371,-2.8816707504195393e-09,0.7502187391364066
2021-02-07 06:00:00,38545.02,38704.06,38394.79,38586.3,44.959543,0.0010703824060396,2,2,1,50141.48370750935,-9.345926052264605e-05,43.54543092286472,0.0470387644877861,-2,160.193617598287,-9.231824232498082e-05,-0.4278013687532962,0.4278013687532962,-4.342536058651139e-06,1.2151156427598864
2021-02-07 07:00:00,38586.3,39113.54,38519.31,39010.21,13.074245,0.0109261155479707,2,2,1,49367.82427780572,0.0002912168919051,21.86335400456012,-0.02059790999583966,2,148.4339987618485,-8.79485666892808e-05,0.7693766887016966,0.7693766887016966,1.8115566609289079e-06,2.056890294620385
2021-02-07 08:00:00,39059.02,39519.13,39059.02,39464.21,4.547852,0.0115707784836285,2,2,1,51069.91438211577,0.0003704809946209,4.763436433593456,0.0272241659008432,-1,153.19700466235125,-5.394188719433252e-07,0.9876783233928164,0.9876783233928164,-1.4685228859830778e-08,1.9313736861227087
2021-02-07 09:00:00,39458.69,39680.56,39349.3,39512.08,4.699502,0.0012122627148585,2,2,1,52683.83288704394,-1.443449988196692e-05,8.41571666845628,0.0933787123513663,2,159.71608901284236,1.905996161844831e-05,-0.19666943661418937,0.19666943661418937,1.779794673397167e-06,0.9235687018425868
2021-02-07 10:00:00,39410.52,39651.85,39171.57,39281.69,4.088717,-0.005847940936972,2,2,1,53616.80805232946,3.8119044558290494e-05,2.887694494913128,0.03863199112638682,0,172.98180277815638,5.351183152319712e-05,0.040052971296647456,0.040052971296647456,2.067268600560858e-06,1.280068734943991
2021-02-07 11:00:00,39319.42,39342.92,38804.62,39051.49,4.858923,-0.0058774752329071,2,2,1,50779.16832202287,0.0005123047304478,6.28830271265519,0.010360973373584326,0,167.2635195164143,0.00013047628445875964,1.4619931196301474,1.4619931196301474,1.351861309161423e-06,2.801941616859052
2021-02-07 12:00:00,39040.15,39247.19,38567.71,38822.89,7.685883,-0.0058710106360937,2,2,1,52652.04652017521,0.0002768675400727,11.55448211407304,0.040796097817893395,0,172.74385623286824,0.00013750685389145962,0.6816918655188182,0.6816918655188182,5.609743061986762e-06,1.9363872512609415
2021-02-07 13:00:00,38815.98,39131.37,38425.55,38676.59,14.195834,-0.0037755136882502,2,2,1,50644.82804963158,-0.0002044101075757,23.935721411981312,-0.05070878625905906,-2,160.34864443909188,0.00014708566670305963,-0.842843957818882,0.842843957818882,-7.45853563461665e-06,0.4825235819921976
2021-02-07 14:00:00,38591.61,38695.19,38222.22,38270.06,72.319883,-0.0105666401993431,2,2,1,54707.35841926499,0.0002609899393659,69.70533175948378,0.06294584867244368,-2,145.64344090967032,0.00019139181668912788,0.649238576170218,0.649238576170218,1.2047320330457924e-05,2.1398819698204
2021-02-07 15:00:00,38270.06,38371.48,37588.71,37909.29,38.49218,-0.0094716664588627,2,2,1,51078.799220026754,8.257525129512124e-05,46.30950698743833,-0.020763785088111497,0,122.54681436482439,0.00016531161161288056,0.020528142118876137,0.020528142118876137,-3.4324947760992086e-06,1.8697035132936417
2021-02-07 16:00:00,37900.59,38225.15,37360.12,38204.4,16.499974,0.0077544914403198,2,2,1,50641.26534801486,-0.0003622036073794,17.551753325589978,-0.004537045266356232,0,118.20316153938441,7.372603636284305e-05,-1.4464059607059223,1.4464059607059223,-3.344983642872445e-07,-0.02929015790181677
2021-02-07 17:00:00,38191.39,38205.63,37741.59,37860.94,9.901237,-0.0090307184377191,2,2,1,48672.88847824269,0.000536769104595,12.32705988610887,-0.041845076661573666,0,114.84147498659156,0.0001426264869224639,1.4027600611323614,1.4027600611323614,-5.968216279241436e-06,2.6976854500673575
2021-02-07 18:00:00,37844.81,38359.86,37844.81,38272.88,6.784542,0.010821577587059,2,2,1,53783.8597319306,9.522657256579306e-05,10.692157518277533,0.15288418711091767,0,128.56338582448,0.0001497649279234017,0.040635406841585356,0.040635406841585356,2.2896689263294446e-05,1.0919762618125344
2021-02-07 19:00:00,38225.17,38459.44,38018.0,38018.0,6.18476,-0.0066818195909004,2,2,1,51810.37108203722,0.0001163452650177,9.703962234743711,0.010838173047271749,0,124.32878225021915,0.00010026999474463921,0.1306132646892751,0.1306132646892751,1.0867435544914285e-06,1.2123446869694374
2021-02-07 20:00:00,38042.56,38485.24,37695.95,38463.51,9.583717,0.0116502678629455,2,2,1,46471.296409646086,0.0003665779744279,15.079571264341531,-0.1171999230423495,-1,110.98224772895745,0.0001114837990390392,0.8782232167902073,0.8782232167902073,-1.3065892667844152e-05,1.531234582648822
2021-02-07 21:00:00,38497.58,38649.46,38387.89,38544.36,12.709132,0.0020997861570855,2,2,1,49464.66652587859,0.0004792351862218,12.933772164712448,0.01993307127041488,-1,115.92332240236713,0.0001969394607637267,1.2401769890262242,1.2401769890262242,3.9256083073604395e-06,1.7728276355940848
2021-02-07 22:00:00,38544.37,38821.16,38291.39,38774.94,8.437051,0.0059643758686309,2,2,1,50223.04415400718,0.0006766636737715,7.140115601500297,-0.042640793249119846,-1,118.24422803712085,0.00024889867756442666,1.8885905607317637,1.8885905607317637,-1.0613237050004061e-05,2.0455633589841855
2021-02-07 23:00:00,38806.85,39077.35,38726.05,38789.4,22.034843,0.0003728517555234,2,2,1,52364.34844290386,-0.0004485427658112,25.109287623436003,0.0788347951000068,2,120.22794274189744,0.00018250892542613656,-1.6903600352696047,1.6903600352696047,1.4388053739891896e-05,-2.4271052034768807
2021-02-08 00:00:00,38796.29,39116.36,38625.46,38721.24,13.517472,-0.0017587267391654,2,2,1,52806.00666421928,-0.0001025386510866,23.971626592969923,0.10675836060695332,0,119.45994413308235,0.00021496704496273654,-0.6470577556017327,0.6470577556017327,2.2949529304742976e-05,-1.072292622802511
2021-02-08 01:00:00,38751.07,38888.88,38460.09,38541.19,28.527691,-0.0046607471685486,2,2,1,46774.31871263042,6.478953055381268e-05,40.653897340749445,-0.0416208079685626,0,99.47407389248905,0.00015596959820758812,-0.1362084228160296,0.1362084228160296,-6.491580695931891e-06,-1.4190754205432856
2021-02-08 02:00:00,38550.63,38658.11,38155.11,38214.78,26.342875,-0.0085051877438964,2,2,1,52352.02300726123,0.000135493696989,32.9418406363187,-0.018216366992457544,-2,106.18464203347274,0.000161002988760489,0.04805511753465586,0.04805511753465586,-2.9328895301435846e-06,-0.678226731450861
2021-02-08 03:00:00,38257.19,38505.64,38020.65,38086.76,36.402893,-0.0033556365999576,2,2,1,50404.72020861033,0.0004270089796096,40.48268933574949,0.015034389280500049,-2,95.45617603043593,0.0001998359530844765,0.960857574513588,0.960857574513588,3.0044115109117645e-06,0.4265558927483839
2021-02-08 04:00:00,38050.0,38686.38,38009.78,38563.49,4.994515,0.012439258768893,2,2,1,54202.16281079086,2.303208858505312e-05,6.549852556609425,0.06874317318925005,0,105.79056537374926,0.00015689271735412063,-0.37985338573232913,0.37985338573232913,1.0785303241206372e-05,-1.9855980476847173
2021-02-08 05:00:00,38614.2,38853.35,38461.64,38652.96,3.025391,0.0023173828902969,2,2,1,51651.78538636887,-0.000150944628982,2.901658272601032,0.044558745753564555,1,103.86272157897778,7.812024045364562e-05,-1.0102985872022834,1.0102985872022834,3.480939932581324e-06,-2.399389242050123
2021-02-08 06:00:00,38701.49,39222.66,38653.76,39007.18,3.985586,0.0091223749131827,2,2,1,51783.85751162027,0.0004514501223036,6.122055484285257,0.03275479069768639,-1,112.60179132701366,4.996854652015814e-05,0.9901757493235768,0.9901757493235768,1.6367092827353855e-06,-0.6219713932611319
2021-02-08 07:00:00,39029.62,39363.06,38888.88,39260.4,3.292396,0.0064706455344705,2,2,1,49621.73057198118,0.0004668514096994,5.096537383070883,0.005143153418037283,0,111.98309983903847,0.00016439281845898314,0.999033317483284,0.999033317483284,8.454974861581016e-07,-0.347309480978345
2021-02-08 08:00:00,39280.3,39332.16,39073.88,39155.72,3.770411,-0.0026698607934498,2,2,1,51191.04148579203,0.0003313466205401,4.02945338451776,0.0023717898324631115,-1,115.71629189917587,0.00021862847741232062,0.5492950951519462,0.5492950951519462,5.185407998134331e-07,-0.2220329575056441
2021-02-08 09:00:00,39191.91,39345.03,38903.52,38987.81,1.921976,-0.0042974833212294,2,2,1,51759.25125406517,-9.27794796607698e-05,1.8925122124243623,-0.017549627320417427,0,118.75178091500052,0.00019893235113549782,-0.8681568840282364,0.8681568840282364,-3.4911886244024054e-06,-1.414810847087474
2021-02-08 10:00:00,38945.91,39420.87,38865.8,39399.01,2.866095,0.0104916559159065,2,2,1,51366.646210524144,0.0002441109998214,2.4272225258587463,-0.041967471088715014,-1,117.9756603598006,0.00021250951398954783,0.23461101473930562,0.23461101473930562,-8.918486884433227e-06,-0.9386556061619225
2021-02-08 11:00:00,39435.71,39484.73,39325.88,39420.07,1.629037,0.0005343883866988,2,2,1,50441.50227979682,0.0010373183208377,2.8083054366823523,-0.006649696192042809,-1,116.78426262506038,0.00028879818164306034,2.478582690619651,2.478582690619651,-1.9204201687407457e-06,1.1546214431409307
2021-02-08 12:00:00,39402.02,43253.02,39105.34,43005.82,44.00711,0.0870603779005971,2,2,1,49862.42025373912,0.0008471291894824,70.54334258953884,-0.05298229510161889,0,101.57156730439571,0.0003918103192552287,1.7215241530949241,1.7215241530949241,-2.0759009958640038e-05,-1.7149960459226536
2021-02-08 13:00:00,43005.82,44727.89,41961.08,42943.94,59.149824,-0.0014399111921097,2,2,1,48926.04739702092,0.0007231748774867,83.64367654816905,-0.03393793046204574,0,88.85673822793086,0.0005010752575638161,1.2674384461982207,1.2674384461982207,-1.700545724745245e-05,-1.4645449028856456
2021-02-08 14:00:00,42951.31,44063.1,42903.83,43555.32,21.536038,0.0141363100965179,2,2,1,48988.74944959651,0.0004288944291798,33.1356577383802,-0.1045308919111454,0,95.3000414436713,0.0004982557959233412,0.44331863480947314,0.44331863480947314,-5.20831227477645e-05,-2.2176833503318045
2021-02-08 15:00:00,43539.74,44107.0,43363.57,43688.71,19.922834,0.0030578620437147,2,2,1,50198.981671205256,0.0001288499638138,24.031889639494388,-0.01722471088311217,0,102.07819133950937,0.00045600561518764117,-0.3779345746679684,0.3779345746679684,-7.854564882682823e-06,-2.82233096502395
2021-02-08 16:00:00,43688.71,44268.19,43060.78,43164.87,28.244134,-0.0120627463364098,2,2,1,50558.486047472914,0.0004564347131411,48.97874421193855,-0.001634621488485144,0,96.63376673188336,0.00047164162676276616,0.4504318944215319,0.4504318944215319,-7.709555379705076e-07,-1.3817982730898926
2021-02-08 17:00:00,43180.93,43380.8,42556.23,43059.3,24.453359,-0.0024487345660144,2,2,1,51110.668562935054,-1.892085106289422e-05,33.93358591768567,0.05008496846826915,2,93.81488300081293,0.0004808739553375006,-0.8608218687871925,0.8608218687871925,2.4084556890290587e-05,-2.602791596826787
2021-02-08 18:00:00,43093.77,43370.84,42562.61,42664.57,28.781306,-0.0092094019985768,2,2,1,49862.42284706595,0.0003881202044811,40.72676259848491,-0.07291103510253572,0,86.74169274377985,0.0004988751059199631,0.28289814376634265,0.28289814376634265,-3.637350035951165e-05,-1.0015363442002332
2021-02-08 19:00:00,42701.15,43109.41,42674.22,43038.64,99.433684,0.0087294834222078,2,2,1,49778.39852316951,0.0001931152485039,72.44962686312589,-0.03921941720220956,0,78.07351376514973,0.00039334972187823815,-0.29437689317831456,0.29437689317831456,-1.542694684871572e-05,-1.7035120198407265
2021-02-08 20:00:00,43028.33,44299.28,42893.92,44197.97,33.403949,0.0265805435858634,2,2,1,47903.91268030016,0.0004617244239202,56.45910973929731,0.030827981600201504,0,70.55450295398714,0.0003451741261829631,0.47590800101826325,0.47590800101826325,1.064102161083402e-05,-1.0291468967479938
2021-02-08 21:00:00,44195.72,44797.6,43901.27,44625.62,20.974168,0.0096292731335729,2,2,1,47520.06162675795,0.0002143187329291,16.248486215941742,-0.0393130093802061,-1,69.64912550755169,0.00028156710811326317,-0.21210845260690148,0.21210845260690148,-1.106925036241422e-05,-1.6942146432354603
2021-02-08 22:00:00,44669.77,45000.0,44282.27,44637.24,19.64165,0.0002603546439274,2,2,1,45664.291855518015,-8.609255449164759e-05,25.628965362856807,-0.09077013102809761,-1,65.16332216952638,0.0002171937351543322,-1.0038310246771,1.0038310246771,-1.9714703798440664e-05,-2.2782701371971683
2021-02-08 23:00:00,44682.63,46788.25,44624.67,46386.93,59.864524,0.0384492503135334,2,2,1,49855.12596230915,0.0002354903641508,72.86928149627154,-0.047918527685504864,0,66.60433172047566,0.00023052378519645717,-0.15772837480958596,0.15772837480958596,-1.1046360383103809e-05,-1.8516134246199107
2021-02-09 00:00:00,46410.03,47489.58,46311.28,46746.82,57.056575,0.0077284935125891,2,2,1,48234.68698170846,0.0001253270820143,56.308600886417445,-0.0865681760709297,0,61.7709385425688,0.0001891353313056072,-0.566635416067277,0.566635416067277,-1.6373100661697426e-05,-2.2276940922515602
2021-02-09 01:00:00,46762.2,46762.2,45727.74,46100.5,25.898693,-0.0139224360999907,2,2,1,48878.05263976808,-0.00016003075416,27.728922389811704,0.04497626015811096,-1,63.648371392745695,0.00017149659341846897,-1.4454069610220492,1.4454069610220492,7.71327540181884e-06,-2.8288823963161156
2021-02-09 02:00:00,46134.13,46320.0,45606.8,45706.99,19.549248,-0.0085725556787483,2,2,1,52838.35598658676,4.731062738102693e-05,26.12712072833541,0.009289669269477274,0,69.42147646742272,0.0001288953962809598,-0.7523427842462997,0.7523427842462997,1.1973956018083276e-06,-2.0238583190779025
2021-02-09 03:00:00,45672.53,46739.32,45533.1,46588.94,30.389851,0.0191119336544129,2,2,1,52864.514011961146,-0.0001398831556477,46.34704415568548,0.04880086216470314,2,68.92478820247223,8.727059576200984e-05,-1.2417517535089058,1.2417517535089058,4.258880314813369e-06,-2.721756519137438
2021-02-09 04:00:00,46610.04,46852.25,46210.52,46840.71,49.379905,0.0053895226928286,2,2,1,47875.15560657154,0.0001336958680654,41.21674790082042,-0.1167297922465873,2,59.720374864829104,4.6267026280159834e-05,-0.40254076866664884,0.40254076866664884,-5.400740365550452e-06,-1.6645621793584116
2021-02-09 05:00:00,46804.77,47200.0,46464.51,46890.54,11.140243,0.0010632527506988,2,2,1,52055.08966293204,-6.891873944620421e-05,18.956053137570603,0.007808138161079059,0,63.65962073519863,1.0862342233246811e-05,-1.067863890021445,1.067863890021445,8.481466891011515e-08,-2.217945171019609
2021-02-09 06:00:00,46899.26,48122.72,46567.1,48076.41,19.641728,0.0249756708679562,2,2,1,48177.97205240466,-0.0004676143896766,23.29844254459821,-0.06963338832775168,-1,57.706042221487124,-3.682788716487224e-05,-2.02199966982101,2.02199966982101,2.56445056824217e-06,-3.3111298447505506
2021-02-09 07:00:00,48123.7,48123.7,47400.0,47539.55,10.905135,-0.0112296240437554,2,2,1,48855.20576289019,1.2127015076404253e-05,16.27806773254717,-0.015447361473600152,-1,57.743854622301896,-6.474830579917171e-05,-0.5708612365697492,0.5708612365697492,1.0001904844830063e-06,-1.5129286428007658
2021-02-09 08:00:00,47564.15,47898.57,46683.26,47113.56,7.868946,-0.0090011384973216,2,2,1,55215.233794878965,6.397326373292728e-05,13.16108207239592,0.07861126072623148,0,64.56417466839237,-7.241753308434329e-05,-0.38643886454543397,0.38643886454543397,-5.692833574443805e-06,-1.171945188740833
2021-02-09 09:00:00,47106.97,47167.5,45982.42,46434.54,8.659155,-0.0145172788186016,2,2,1,50872.478162215215,0.0003766535639262,13.36443319152638,-0.017132649147051038,1,58.69870814662231,-5.331993323568297e-06,0.4760847615954994,0.4760847615954994,9.135117086711421e-08,-0.08050850678235599
2021-02-09 10:00:00,46358.85,46549.06,45600.0,45640.2,8.383081,-0.0172546717530206,2,2,1,49483.21591961331,-1.562611071922135e-05,14.688273727311104,-0.036666405729345763,0,56.299239730424624,-1.319908558609933e-05,-0.645986131493968,0.645986131493968,4.839630273562775e-07,-0.5386686240809677
2021-02-09 11:00:00,45615.17,46591.7,45615.17,46391.15,6.130751,0.0163198011765643,2,2,1,48968.51264608801,0.0002425835901661,5.318992155684387,-0.029201938228131996,1,55.554945324169914,3.460925764062567e-05,0.24257858618500722,0.24257858618500722,-1.0106574037430561e-06,0.08673827963325192
2021-02-09 12:00:00,46304.15,46835.0,45170.0,45305.52,16.884882,-0.0236798289117921,2,2,1,50807.11083796274,0.0002032276268751,16.886451911407228,0.018945943245761043,0,61.377106740192666,4.330072749183817e-05,0.229181210791244,0.229181210791244,8.203731255605309e-07,2.8623563192184314
2021-02-09 13:00:00,45272.67,46403.02,45014.73,46289.37,28.231973,0.0214834657296325,2,2,1,50884.64776039907,0.0002019765573335,27.869394485814453,0.040031853533653905,-2,65.91175410246015,7.71626395893012e-05,0.3528323013543532,0.3528323013543532,3.08896348630903e-06,2.293263491541091
2021-02-09 14:00:00,46300.45,46701.11,46087.54,46657.43,47.966683,0.0079198406796976,2,2,1,45851.85247058449,0.0005867300531649,47.1169518249969,-0.06403300786927624,0,58.33620740716253,0.00020895569494448868,1.9469447824737685,1.9469447824737685,-1.3380061658710529e-05,3.820759680698669
2021-02-09 15:00:00,46657.59,47127.42,46350.05,46782.57,65.48715,0.00267851187537,2,2,1,48001.06481439596,0.0004190113877264,109.52276757286484,-0.04378409249823578,0,55.07969146464595,0.00025981624152573816,1.1451706444489713,1.1451706444489713,-1.1375818351506889e-05,2.8388670972554317
2021-02-09 16:00:00,46853.1,47132.24,46060.09,46457.73,32.55381,-0.0069678307398302,2,2,1,52375.797970640655,-6.946457919193871e-05,48.590633049938845,0.035944745684460155,2,60.126335256412304,0.00024313651116012993,-0.8025154817916725,0.8025154817916725,8.739480060257778e-06,0.6790045248035087
2021-02-09 17:00:00,46504.79,46950.49,46229.55,46489.65,10.441801,0.00068684025854,2,2,1,49557.87534369573,0.0004327925663572,9.961620859751788,-0.030380999953606547,2,58.50133526687597,0.0002501538864640049,1.2129687682469077,1.2129687682469077,-7.599925213057429e-06,2.539061482854124
2021-02-09 18:00:00,46475.94,47865.48,46252.21,47012.95,41.088318,0.0111933884996027,2,2,1,48771.93200550972,0.0002072923485587,48.9565744413448,-0.02186999305871873,0,57.01961092020663,0.0002780186938737451,0.3208205664277054,0.3208205664277054,-6.0802669052128515e-06,1.2457069499787
2021-02-09 19:00:00,47012.01,47281.66,46755.26,47069.79,3.593853,0.0012082982896863,2,2,1,48445.97489861458,-8.388765224126399e-05,4.561772239281996,-0.02676710509147362,-1,61.52137086429661,0.00023720978857282455,-0.8460338987770589,0.8460338987770589,-6.3494193394550326e-06,0.17212597756843484
2021-02-09 20:00:00,47006.42,47500.0,46740.44,47154.81,13.590567,0.0018046247598508,2,2,1,51445.30778910302,0.0002918607618709,16.639407841529213,0.07392705335861227,0,68.80970638380988,0.0002482889304472996,0.7709433469321362,0.7709433469321362,1.835526900953029e-05,2.1218556341421433
2021-02-09 21:00:00,47095.51,47442.76,47029.68,47252.67,3.971798,0.0020731415572043,2,2,1,49292.23884308501,0.000489221689299,3.90568195499037,0.037293243225281714,0,67.03660916279257,0.0002841945719429871,1.495271605875132,1.495271605875132,1.059853729477464e-05,2.849415345252515
2021-02-09 22:00:00,47246.3,47249.91,46493.69,46781.28,18.470191,-0.010026037377484,2,2,1,51239.05611766692,0.0002228723595677,25.1071260250892,0.12208147845120387,-1,69.73373717223966,0.0002387123602433371,0.35689224315250373,0.35689224315250373,2.9142357863082975e-05,1.7467557307863744
2021-02-09 23:00:00,46806.97,46848.12,46252.66,46468.4,20.097231,-0.0067106112137089,2,2,1,50606.52782118037,-0.0002254982242603,27.806789218411662,0.015071707158844427,-2,73.37267980081438,0.00015814865874499957,-1.3689011285014048,1.3689011285014048,2.3835702721686545e-06,0.45569157322636467
2021-02-10 00:00:00,46468.4,46882.25,46085.24,46557.38,35.498403,0.0019130186736671,2,2,1,48619.21006348616,0.0003776516136133,32.36838840339412,0.00797192033035321,1,73.02607784568946,0.00021403818284565442,0.9730773320913652,0.9730773320913652,1.7062953412991301e-06,2.674549960103514
2021-02-10 01:00:00,46526.09,46526.09,46002.01,46212.58,14.274947,-0.0074334749676161,2,2,1,49801.60501606641,-0.0001758035960674,12.185570814341938,0.018895032154920832,-2,76.5901178802967,0.0001379636625425794,-1.1801274185142177,1.1801274185142177,2.6068278399526847e-06,0.2837611792718029
2021-02-10 02:00:00,46248.39,46766.88,46248.39,46290.27,10.388847,0.0016797324248241,1,1,1,48768.78279421332,0.0003708809865476,12.203920200027442,-0.07701930002149415,1,76.64285511925311,0.0001584122422911919,0.8799724530347758,0.8799724530347758,-1.2200800016102933e-05,2.1007346222869687
2021-02-10 03:00:00,46281.52,46732.86,46121.65,46261.36,58.524094,-0.0006247323994248,0,0,1,50343.0728764606,-0.0001147562843245,83.4540748304862,-0.04769628894971101,-2,74.75740448245455,0.0001545536632807874,-0.9879209617100536,0.9879209617100536,-7.371636182076776e-06,0.36776120467602913
2021-02-10 04:00:00,46217.52,46306.24,45609.9,45995.24,22.430698,-0.005769142546022,1,1,1,52718.75013343025,4.6757093250837566e-05,15.744894384369369,0.10117135841108071,0,81.36270476904339,0.0001239157047032796,-0.3518513871025314,0.3518513871025314,1.2536720173297142e-05,1.0270901486856263
2021-02-10 05:00:00,45993.43,46430.34,45839.91,46097.9,9.34032,0.0022294829457099,0,0,1,49474.01329065626,0.0004816899435652,16.392120890215672,-0.0495835544418195,1,76.65832559227347,0.0001229742364865546,1.2044884932188384,1.2044884932188384,-6.097499749772266e-06,2.4727289749791392
2021-02-10 06:00:00,46141.26,46641.48,46129.71,46499.84,4.835983,0.0086814759074851,1,1,1,52317.90125096739,0.0006864568012087,6.908948014362366,0.0859299182219544,0,83.17711523652625,0.00018092229169167957,1.899259014638955,1.899259014638955,1.5546637729594603e-05,3.2980799546698516
2021-02-10 07:00:00,46512.41,46930.0,46414.51,46548.4,8.490214,0.0010437597617869,0,0,1,47697.1890462095,0.0003467392694409,12.257543758050684,-0.02370303632126547,0,76.31874890651765,0.00025245197840432956,0.4951372860240388,0.4951372860240388,-5.983878413493149e-06,1.667314005574144
2021-02-10 08:00:00,46625.13,46833.09,46255.29,46665.6,9.73675,0.0025146450481461,1,1,1,52515.23985834434,-0.0003991858918441,9.616531543803998,-0.04889943863255064,0,84.5072428341598,0.0001553472902221546,-2.1695646235532755,2.1695646235532755,-7.5963952849512824e-06,-1.2100273115357432
2021-02-10 09:00:00,46682.74,46892.18,46467.36,46547.95,5.577878,-0.0025243124518627,0,0,1,48147.578020151646,4.293233554677911e-06,5.955993056632922,-0.05356334585028033,-1,78.41364260964868,0.00017785939392491433,-0.6621201119481205,0.6621201119481205,-9.526744229521434e-06,0.061962840242593575
2021-02-10 10:00:00,46543.6,47300.0,46425.0,46648.91,5.747124,0.002166597447454,1,1,1,47949.301956677526,0.0001724135884086,8.708188199788903,-0.0309986716592483,-1,78.85875160832188,0.00015305096915753933,-0.08754127686123636,0.08754127686123636,-4.7443767400443e-06,0.21920868027602936
2021-02-10 11:00:00,46638.53,46700.01,46345.98,46570.82,4.839432,-0.0016753967913487,2,2,1,51641.97277405735,-5.221670847278718e-05,7.284998010279134,0.054595493787841454,0,84.65809138166482,0.00016086841613900343,-0.8459728503475531,0.8459728503475531,8.782690613976856e-06,-0.212769100473712
2021-02-10 12:00:00,46577.21,46599.11,44553.01,45671.68,18.898048,-0.0194957525849339,2,2,1,49548.43519792576,-6.060667608447056e-05,21.816330569660465,-0.024773611789326577,0,80.57491721907817,0.00014744794497208993,-0.8237653479919794,0.8237653479919794,-3.6528181478725433e-06,-0.3343739378243
2021-02-10 13:00:00,45620.73,45977.1,45290.98,45599.06,13.458949,-0.0015913098836382,2,2,1,51492.88553128128,0.0001637802533989,20.83548669748357,0.011953266803500728,-2,84.70585538403802,0.00010770923370130242,-0.02764666413642793,0.02764666413642793,1.28747720763228e-06,0.9252887998079845
2021-02-10 14:00:00,45630.53,45961.67,44800.0,44920.94,27.835282,-0.0149830465306575,2,2,1,47435.42368741683,0.000491441922604,47.2447644857032,0.03453669004645454,0,78.01492323520229,8.333237387571493e-05,1.1632711779517366,1.1632711779517366,2.8780243673808326e-06,2.5218845827343053
2021-02-10 15:00:00,44934.52,45176.33,43700.0,44327.36,106.065457,-0.0133019621084073,2,2,1,46663.83039882229,-0.0002081697098957,111.12359198378164,-0.02785843232320595,0,76.54439179325438,1.3968751458639925e-05,-1.2351523675086546,1.2351523675086546,-3.8914751715020473e-07,0.3229043627366064
2021-02-10 16:00:00,44380.7,44883.9,43854.04,44782.52,24.569114,0.0102157910763303,2,2,1,50349.35557262491,0.0002513018215924,41.06681977400729,-0.03869043482930168,-2,83.62192104782709,9.527971563820243e-05,0.3439884523800523,0.3439884523800523,-3.686413628454267e-06,1.4369795010980293
2021-02-10 17:00:00,44753.14,45071.12,44472.26,44961.59,9.443339,0.0039906850187545,2,2,1,49220.844943444,0.000375555830547,7.260987833620564,-0.006800743532977216,1,82.11596724234809,0.0001416875402622427,0.8022074284404017,0.8022074284404017,-9.63580623141896e-07,1.7500167368341155
2021-02-10 18:00:00,44992.87,45232.56,44781.07,45094.68,9.379635,0.0029557097333032,2,2,1,52231.29737750108,0.0002862106990693,13.89660220860319,0.07092943071438218,0,92.55181759617038,0.0001559121790948302,0.46713550081694033,0.46713550081694033,1.1058762104635104e-05,1.585494143867995
2021-02-10 19:00:00,45112.38,45231.14,44471.0,45187.34,10.432752,0.0020526796483988,2,2,1,50268.6176170208,-0.0002778880406917,8.434863551184181,0.03762217030869053,1,88.46688053653043,0.0001277032625674661,-1.4723284264375487,1.4723284264375487,4.804473893288634e-06,-0.3753522774676621
2021-02-10 20:00:00,45220.57,45242.83,44430.0,44544.25,10.877653,-0.0143338819861362,2,2,1,54855.09181003289,5.196013699809742e-06,10.746706085842634,0.0662797865824436,0,97.55017875852359,0.00013592859879050113,-0.4521516151718627,0.4521516151718627,9.009318518285016e-06,1.0958146668170488
2021-02-10 21:00:00,44560.8,45027.1,44395.78,45027.1,12.7933,0.0107814536051442,2,2,1,51943.42821538884,9.581003271830524e-05,15.378084947501527,0.05378512793349732,0,90.52542571627352,0.00012743232120542678,-0.08450303897767146,0.08450303897767146,6.853963698896403e-06,1.1615368793261773
2021-02-10 22:00:00,45030.03,45251.22,44962.79,45183.27,20.701833,0.0034623548492813,2,2,1,47122.85728189778,0.0003179745701523,28.04135529865868,-0.08033322913514607,-1,81.70646027608028,0.00010574890214896429,0.6925929668536805,0.6925929668536805,-8.495150787122889e-06,1.3981513033971544
2021-02-10 23:00:00,45183.27,45342.98,44767.2,44871.28,23.194852,-0.0069289391424227,2,2,1,51730.31736024164,0.0002060430954982,39.16196936358643,0.022206414615763004,-2,87.96345566551994,0.0001575255028232018,0.2385119446352557,0.2385119446352557,3.4980766282485647e-06,0.8918216212946246
2021-02-11 00:00:00,44871.28,44993.26,43984.89,44263.61,19.83305,-0.013635051651109,2,2,1,49873.96399066776,-0.0003904259493583,17.581745275605034,0.025807781030238175,0,86.9942124858242,7.730953145436427e-05,-1.7404552290135737,1.7404552290135737,1.9951874593245435e-06,-0.5185688103061392
2021-02-11 01:00:00,44252.48,44544.25,44016.9,44182.75,26.534532,-0.0018284533705585,2,2,1,51040.17368621525,-0.0004719934574603,40.07439695681293,0.02487005528735997,-2,84.8984443457633,-2.8634129546548216e-05,-1.8612826510776015,1.8612826510776015,-7.121323849280818e-07,-0.9572640212336466
2021-02-11 02:00:00,44217.18,44813.63,44217.18,44745.58,7.299695,0.0126582274782709,2,2,1,50278.75618769646,0.0001993229206592,6.616193423514936,0.030961883954633063,-1,84.41653257626352,-3.949510184781071e-05,0.3638246028323951,0.3638246028323951,-1.222842760188329e-06,0.726009786439954
2021-02-11 03:00:00,44807.37,45602.82,44722.8,45389.33,16.253343,0.0142843865058939,2,2,1,53727.63050881717,1.987620664143757e-05,26.60927568181572,0.0672298578329158,2,99.72490694739335,-2.2745709311685184e-06,-0.25334588865644864,0.25334588865644864,-1.529190803333424e-07,-0.6205256418205798
2021-02-11 04:00:00,45461.14,45652.11,44612.54,44715.37,64.03584,-0.0149597650067541,2,2,1,48188.3570205364,0.0002688759233553,103.32134178025196,-0.08593513885339665,-2,76.93705345755465,3.0685417775767765e-05,0.5471172217806073,0.5471172217806073,-2.6369556373350886e-06,0.5997729155198573
2021-02-11 05:00:00,44779.61,45037.12,44530.72,44627.21,9.838144,-0.0019735277090475,2,2,1,50004.48225917357,0.0005287021347831,13.844942764324792,0.010722173788506817,1,80.16266650381907,8.47969305338671e-05,1.3938132243272097,1.3938132243272097,9.092074259160632e-07,1.6171156987160984
2021-02-11 06:00:00,44658.22,44893.99,44405.9,44539.69,7.620719,-0.0019630609139866,2,2,1,50416.1448376468,0.0003514670968534,9.539900648852358,-0.03635001343417654,0,80.48315251012973,8.898349637150461e-05,0.9179208025115225,0.9179208025115225,-3.234551288524192e-06,1.6210817417522438
2021-02-11 07:00:00,44602.93,45107.88,44575.32,44654.67,6.151672,0.0025781913495439,2,2,1,47721.93996433758,0.0003321541044759,10.630587222084523,0.0005189177522411104,-1,76.38056526830486,0.00010474737249371711,0.8532544961160559,0.8532544961160559,5.4355271087601997e-08,1.4409918558222214
2021-02-11 08:00:00,44745.72,45113.19,44503.83,45019.5,2.985607,0.0081368361232581,2,2,1,48229.12446405083,0.0006614664703614,3.021238154657518,-0.08161660131144721,-1,78.01586562883669,0.0002362339249586796,1.8484295313780434,1.8484295313780434,-1.9280610069590892e-05,2.125956645749427
2021-02-11 09:00:00,45111.71,45603.39,44820.99,45557.83,3.405888,0.0118867787032197,2,2,1,47566.83266580906,0.0001619612276645,3.468373872185184,-0.012061777107449156,-1,77.25541186206094,0.00031547826059927963,0.06760880727055557,0.06760880727055557,-3.80522846159427e-06,-0.4237202870870378
2021-02-11 10:00:00,45517.72,46382.41,45355.06,46286.23,13.130073,0.0158620007051535,2,2,1,50884.95215056236,-0.0002528839442141,14.323327334698927,0.0612240444404637,0,81.89762773826976,0.0002589524024901171,-1.2860173862057518,1.2860173862057518,1.5854113398019772e-05,-2.7677994591163904
2021-02-11 11:00:00,46300.64,46489.9,45883.74,46049.97,6.606679,-0.0051173974149474,2,2,1,51282.1456918796,-0.0001671385690793,9.032401726715308,-0.006967725337528319,0,82.30542268449817,0.0002355755555250249,-0.9651267212387092,0.9651267212387092,-1.6414257671340252e-06,-2.3795935934054904
2021-02-11 12:00:00,46098.06,46614.72,46065.26,46525.0,2.646004,0.0102626912930094,2,2,1,49699.77912019111,-0.0003735766608333,3.5684434106743708,0.0030544642158887303,-1,82.17238136052661,0.0001552689825014499,-1.5382337316409738,1.5382337316409738,4.742635508881322e-07,-4.6288713633211485
2021-02-11 13:00:00,46525.0,48358.99,46518.5,47480.75,38.84787,0.0203345632130798,2,2,1,50725.07230928363,-0.0002655286195778,28.96461634098186,-0.014911054489871511,2,82.75530292514527,5.59901382063374e-05,-1.1043443388994583,1.1043443388994583,-8.348720016901337e-07,-4.327981936464222
2021-02-11 14:00:00,47540.71,48092.25,47261.39,47853.63,11.813365,0.0078226113491535,2,2,1,52719.9643550508,5.6432578229843175e-05,11.40443820164572,0.11140494290632419,2,91.3513247581924,1.9110823378392795e-05,-0.04792974803568856,0.04792974803568856,2.129040187362695e-06,-3.14924340319442
2021-02-11 15:00:00,47853.63,48139.74,47591.78,48006.72,10.974133,0.0031940240182581,2,2,1,48058.58230983667,-4.668172993334685e-05,10.999345157972504,0.029889357540815453,2,100.75428866277421,-2.8243655922763062e-05,-0.40857935694572134,0.40857935694572134,-8.441847301352351e-07,-3.2572460735740503
2021-02-11 16:00:00,47996.83,48303.26,47389.94,47649.73,13.074376,-0.0074640373415419,2,2,1,48741.23922476745,3.398593758629783e-05,19.97770757113996,-0.03193916445539968,0,106.91239905371435,-0.00010667872251965084,-0.11539614011753592,0.11539614011753592,3.4072292624470778e-06,-2.1205577704792473
2021-02-11 17:00:00,47576.0,47651.28,46943.4,47356.84,6.431305,-0.0061656983905642,2,2,1,48115.04396418285,0.0004357966325241,7.033916894214414,-0.02246611126915321,-1,105.59145139750869,-7.244929691220084e-05,1.1909381300870578,1.1909381300870578,1.6276539658014222e-06,-0.366840534309661
2021-02-11 18:00:00,47386.05,48010.0,47326.24,47635.35,12.345508,0.0058638672936233,2,2,1,46706.36408045845,8.618969767749162e-05,17.479239120622466,-0.10577821295747725,0,101.70041481053673,-3.0065091675751884e-05,0.07622269958206232,0.07622269958206232,3.1802316698637594e-06,-1.396499214551118
2021-02-11 19:00:00,47678.61,48030.0,47529.39,47731.47,5.64842,0.0020157961133264,2,2,1,50585.70823903026,-0.000207270284702,8.122874757184288,0.006307924049657965,-1,110.22234122423814,-3.5081556128589386e-05,-0.9130101730731267,0.9130101730731267,-2.2129179160295474e-07,-2.252066137117011
